Texture boo_coin_Boo_Coins_Shy_ci8[] = {
	0x00, 0x00, 0x00, 0x00, 0x00, 0x00, 0x00, 0x00, 
	0x00, 0x00, 0x00, 0x00, 0x00, 0x01, 0x02, 0x03, 
	0x04, 0x05, 0x02, 0x00, 0x00, 0x00, 0x00, 0x00, 
	0x00, 0x00, 0x00, 0x00, 0x00, 0x00, 0x00, 0x00, 
	0x00, 0x00, 0x00, 0x00, 0x00, 0x00, 0x00, 0x00, 
	0x00, 0x00, 0x06, 0x07, 0x05, 0x05, 0x05, 0x05, 
	0x05, 0x05, 0x05, 0x05, 0x05, 0x02, 0x00, 0x00, 
	0x00, 0x00, 0x00, 0x00, 0x00, 0x00, 0x00, 0x00, 
	0x00, 0x00, 0x00, 0x00, 0x00, 0x00, 0x00, 0x00, 
	0x06, 0x03, 0x03, 0x04, 0x05, 0x05, 0x05, 0x05, 
	0x05, 0x05, 0x05, 0x05, 0x05, 0x05, 0x05, 0x02, 
	0x00, 0x00, 0x00, 0x00, 0x00, 0x00, 0x00, 0x00, 
	0x00, 0x00, 0x00, 0x00, 0x00, 0x00, 0x00, 0x08, 
	0x07, 0x03, 0x04, 0x05, 0x09, 0x09, 0x07, 0x07, 
	0x07, 0x07, 0x07, 0x07, 0x05, 0x05, 0x05, 0x05, 
	0x05, 0x0a, 0x00, 0x00, 0x00, 0x00, 0x00, 0x00, 
	0x00, 0x00, 0x00, 0x00, 0x00, 0x0b, 0x09, 0x09, 
	0x07, 0x04, 0x09, 0x09, 0x09, 0x09, 0x09, 0x09, 
	0x07, 0x07, 0x07, 0x07, 0x07, 0x07, 0x04, 0x05, 
	0x05, 0x05, 0x0a, 0x00, 0x00, 0x00, 0x00, 0x00, 
	0x00, 0x00, 0x00, 0x00, 0x0c, 0x08, 0x08, 0x09, 
	0x09, 0x09, 0x09, 0x09, 0x09, 0x09, 0x09, 0x09, 
	0x09, 0x09, 0x07, 0x07, 0x07, 0x07, 0x07, 0x07, 
	0x05, 0x05, 0x05, 0x0a, 0x00, 0x00, 0x00, 0x00, 
	0x00, 0x00, 0x00, 0x00, 0x0d, 0x0e, 0x08, 0x09, 
	0x09, 0x09, 0x09, 0x09, 0x09, 0x09, 0x09, 0x09, 
	0x09, 0x09, 0x09, 0x0f, 0x0f, 0x07, 0x07, 0x07, 
	0x07, 0x05, 0x05, 0x05, 0x01, 0x00, 0x00, 0x00, 
	0x00, 0x00, 0x00, 0x10, 0x0d, 0x0e, 0x09, 0x11, 
	0x09, 0x11, 0x11, 0x11, 0x11, 0x11, 0x11, 0x11, 
	0x11, 0x11, 0x09, 0x09, 0x0f, 0x0f, 0x0f, 0x0f, 
	0x07, 0x07, 0x05, 0x05, 0x05, 0x00, 0x00, 0x00, 
	0x00, 0x00, 0x12, 0x13, 0x0d, 0x08, 0x08, 0x08, 
	0x11, 0x11, 0x11, 0x14, 0x14, 0x14, 0x14, 0x14, 
	0x14, 0x15, 0x15, 0x16, 0x16, 0x16, 0x0f, 0x0f, 
	0x0f, 0x07, 0x09, 0x05, 0x05, 0x09, 0x00, 0x00, 
	0x00, 0x00, 0x10, 0x13, 0x08, 0x08, 0x08, 0x08, 
	0x14, 0x14, 0x17, 0x17, 0x17, 0x18, 0x18, 0x19, 
	0x1a, 0x18, 0x18, 0x1b, 0x1b, 0x15, 0x16, 0x0f, 
	0x0f, 0x0f, 0x0f, 0x09, 0x05, 0x04, 0x00, 0x00, 
	0x00, 0x1c, 0x10, 0x1d, 0x08, 0x08, 0x1e, 0x1f, 
	0x20, 0x17, 0x21, 0x22, 0x23, 0x23, 0x24, 0x1a, 
	0x25, 0x26, 0x23, 0x22, 0x18, 0x18, 0x1b, 0x15, 
	0x27, 0x0f, 0x09, 0x09, 0x04, 0x03, 0x28, 0x00, 
	0x00, 0x29, 0x2a, 0x0d, 0x08, 0x1e, 0x1e, 0x17, 
	0x2b, 0x2b, 0x2c, 0x24, 0x2d, 0x2e, 0x2f, 0x30, 
	0x31, 0x25, 0x32, 0x33, 0x24, 0x24, 0x34, 0x35, 
	0x36, 0x16, 0x09, 0x09, 0x07, 0x03, 0x07, 0x00, 
	0x00, 0x37, 0x2a, 0x08, 0x08, 0x1e, 0x38, 0x21, 
	0x39, 0x3a, 0x3b, 0x3b, 0x3c, 0x3c, 0x3d, 0x3e, 
	0x3f, 0x40, 0x41, 0x3c, 0x3b, 0x42, 0x43, 0x39, 
	0x1b, 0x16, 0x09, 0x09, 0x09, 0x07, 0x07, 0x00, 
	0x44, 0x37, 0x45, 0x0e, 0x1e, 0x1e, 0x38, 0x39, 
	0x46, 0x2e, 0x47, 0x2f, 0x35, 0x48, 0x49, 0x4a, 
	0x4a, 0x4a, 0x4b, 0x1a, 0x35, 0x3c, 0x2e, 0x4c, 
	0x18, 0x14, 0x11, 0x09, 0x11, 0x07, 0x09, 0x00, 
	0x1c, 0x4d, 0x37, 0x0e, 0x0e, 0x38, 0x4e, 0x39, 
	0x24, 0x4f, 0x50, 0x3e, 0x49, 0x51, 0x52, 0x53, 
	0x54, 0x55, 0x25, 0x56, 0x3e, 0x57, 0x4f, 0x23, 
	0x18, 0x17, 0x11, 0x09, 0x11, 0x07, 0x09, 0x00, 
	0x58, 0x59, 0x37, 0x0e, 0x0e, 0x38, 0x4e, 0x5a, 
	0x2d, 0x4f, 0x50, 0x4a, 0x4a, 0x54, 0x5b, 0x5c, 
	0x5d, 0x52, 0x5e, 0x4a, 0x3e, 0x3f, 0x4f, 0x5f, 
	0x22, 0x17, 0x11, 0x11, 0x11, 0x07, 0x08, 0x00, 
	0x58, 0x60, 0x4d, 0x0e, 0x61, 0x38, 0x4e, 0x5a, 
	0x2d, 0x4f, 0x50, 0x4a, 0x4a, 0x54, 0x54, 0x5d, 
	0x54, 0x53, 0x54, 0x4a, 0x3e, 0x3f, 0x4f, 0x24, 
	0x22, 0x17, 0x14, 0x11, 0x08, 0x09, 0x0e, 0x00, 
	0x58, 0x62, 0x63, 0x0e, 0x61, 0x61, 0x4e, 0x39, 
	0x46, 0x33, 0x50, 0x3e, 0x4a, 0x53, 0x54, 0x54, 
	0x54, 0x54, 0x4a, 0x4a, 0x3e, 0x64, 0x4f, 0x24, 
	0x22, 0x17, 0x14, 0x11, 0x08, 0x09, 0x0e, 0x00, 
	0x65, 0x66, 0x60, 0x0e, 0x0e, 0x61, 0x4e, 0x1f, 
	0x5a, 0x2d, 0x64, 0x50, 0x3e, 0x4a, 0x4a, 0x4a, 
	0x4a, 0x4a, 0x4a, 0x3e, 0x50, 0x4f, 0x2d, 0x23, 
	0x21, 0x17, 0x14, 0x11, 0x08, 0x0e, 0x0d, 0x00, 
	0x00, 0x67, 0x66, 0x0e, 0x0e, 0x61, 0x61, 0x4e, 
	0x5a, 0x46, 0x2d, 0x33, 0x64, 0x50, 0x3f, 0x3e, 
	0x3e, 0x3f, 0x50, 0x64, 0x4f, 0x2d, 0x23, 0x39, 
	0x17, 0x14, 0x11, 0x08, 0x08, 0x13, 0x13, 0x00, 
	0x00, 0x58, 0x68, 0x10, 0x0e, 0x61, 0x61, 0x69, 
	0x6a, 0x26, 0x46, 0x2d, 0x2d, 0x33, 0x4f, 0x64, 
	0x64, 0x4f, 0x33, 0x2d, 0x24, 0x23, 0x6b, 0x6c, 
	0x19, 0x38, 0x08, 0x08, 0x08, 0x1d, 0x1d, 0x00, 
	0x00, 0x65, 0x58, 0x68, 0x0e, 0x0e, 0x61, 0x52, 
	0x25, 0x25, 0x69, 0x5a, 0x46, 0x3a, 0x6d, 0x24, 
	0x24, 0x24, 0x46, 0x46, 0x5a, 0x69, 0x25, 0x52, 
	0x25, 0x6e, 0x08, 0x08, 0x13, 0x10, 0x60, 0x00, 
	0x00, 0x00, 0x58, 0x58, 0x13, 0x0e, 0x0e, 0x61, 
	0x6f, 0x2b, 0x2b, 0x1f, 0x2b, 0x70, 0x2b, 0x71, 
	0x39, 0x5a, 0x72, 0x34, 0x35, 0x35, 0x73, 0x1e, 
	0x1e, 0x1e, 0x0e, 0x08, 0x2a, 0x2a, 0x74, 0x00, 
	0x00, 0x00, 0x65, 0x58, 0x58, 0x0d, 0x0e, 0x0e, 
	0x0d, 0x75, 0x52, 0x52, 0x76, 0x6f, 0x1f, 0x77, 
	0x78, 0x79, 0x1f, 0x38, 0x7a, 0x7a, 0x1e, 0x1e, 
	0x1e, 0x1e, 0x0e, 0x10, 0x45, 0x4d, 0x00, 0x00, 
	0x00, 0x00, 0x00, 0x58, 0x58, 0x60, 0x0e, 0x0e, 
	0x0e, 0x0d, 0x61, 0x61, 0x61, 0x61, 0x61, 0x61, 
	0x61, 0x61, 0x61, 0x61, 0x0e, 0x0e, 0x0e, 0x0e, 
	0x08, 0x0e, 0x0d, 0x37, 0x4d, 0x00, 0x00, 0x00, 
	0x00, 0x00, 0x00, 0x65, 0x58, 0x58, 0x59, 0x0d, 
	0x0e, 0x0e, 0x0d, 0x0d, 0x0d, 0x61, 0x61, 0x61, 
	0x61, 0x0e, 0x0e, 0x0e, 0x0e, 0x0e, 0x0e, 0x0e, 
	0x0e, 0x0d, 0x4d, 0x59, 0x7b, 0x00, 0x00, 0x00, 
	0x00, 0x00, 0x00, 0x00, 0x65, 0x58, 0x58, 0x63, 
	0x0d, 0x0e, 0x0e, 0x0d, 0x0d, 0x0d, 0x0d, 0x0d, 
	0x0e, 0x0e, 0x0e, 0x0e, 0x0e, 0x0e, 0x0e, 0x0e, 
	0x13, 0x63, 0x60, 0x58, 0x00, 0x00, 0x00, 0x00, 
	0x00, 0x00, 0x00, 0x00, 0x00, 0x65, 0x58, 0x58, 
	0x58, 0x0d, 0x0d, 0x0e, 0x0e, 0x0e, 0x0d, 0x0d, 
	0x0d, 0x0d, 0x0e, 0x0e, 0x0e, 0x0e, 0x0e, 0x59, 
	0x62, 0x29, 0x67, 0x00, 0x00, 0x00, 0x00, 0x00, 
	0x00, 0x00, 0x00, 0x00, 0x00, 0x00, 0x65, 0x58, 
	0x58, 0x58, 0x58, 0x13, 0x0d, 0x0d, 0x0d, 0x0d, 
	0x0d, 0x0d, 0x0d, 0x0d, 0x0d, 0x59, 0x7c, 0x68, 
	0x68, 0x7d, 0x00, 0x00, 0x00, 0x00, 0x00, 0x00, 
	0x00, 0x00, 0x00, 0x00, 0x00, 0x00, 0x00, 0x00, 
	0x58, 0x58, 0x58, 0x58, 0x58, 0x58, 0x63, 0x45, 
	0x2a, 0x37, 0x7c, 0x58, 0x58, 0x58, 0x58, 0x58, 
	0x00, 0x00, 0x00, 0x00, 0x00, 0x00, 0x00, 0x00, 
	0x00, 0x00, 0x00, 0x00, 0x00, 0x00, 0x00, 0x00, 
	0x00, 0x00, 0x65, 0x58, 0x58, 0x58, 0x58, 0x58, 
	0x58, 0x58, 0x58, 0x58, 0x58, 0x58, 0x65, 0x00, 
	0x00, 0x00, 0x00, 0x00, 0x00, 0x00, 0x00, 0x00, 
	0x00, 0x00, 0x00, 0x00, 0x00, 0x00, 0x00, 0x00, 
	0x00, 0x00, 0x00, 0x00, 0x00, 0x00, 0x00, 0x00, 
	0x00, 0x00, 0x00, 0x00, 0x00, 0x00, 0x00, 0x00, 
	0x00, 0x00, 0x00, 0x00, 0x00, 0x00, 0x00, 0x00, 
	
};

Texture boo_coin_Boo_Coins_Shy_pal_rgba16[] = {
	0x00, 0x00, 0xef, 0x7a, 0xff, 0xfe, 0xef, 0x7b, 
	0xf7, 0xbd, 0xff, 0xff, 0xde, 0xf6, 0xe7, 0x39, 
	0xd6, 0xb5, 0xde, 0xf7, 0xf7, 0xbc, 0xbd, 0xee, 
	0xad, 0x6a, 0xc6, 0x31, 0xce, 0x73, 0xe6, 0xf7, 
	0xad, 0x6b, 0xde, 0xb5, 0x9c, 0xe6, 0xbd, 0xef, 
	0xde, 0x73, 0xe6, 0x73, 0xe6, 0xb5, 0xde, 0x31, 
	0xe5, 0xef, 0x6a, 0x53, 0x10, 0x43, 0xe6, 0x31, 
	0x6b, 0x5a, 0xb5, 0xad, 0xd6, 0x73, 0xd5, 0xad, 
	0xbc, 0xa5, 0xdd, 0xef, 0xe5, 0xad, 0xe5, 0x6b, 
	0xe5, 0x29, 0x00, 0x01, 0xab, 0x9d, 0x7a, 0xd7, 
	0xe7, 0x38, 0x63, 0x19, 0xa5, 0x29, 0x20, 0xc7, 
	0xc4, 0x63, 0xe4, 0xe7, 0xc3, 0xdf, 0x18, 0x85, 
	0x28, 0x85, 0x9a, 0xd7, 0x82, 0x53, 0xe4, 0xa5, 
	0x8b, 0x19, 0x08, 0x43, 0xcc, 0xe7, 0x94, 0xa5, 
	0xd6, 0x31, 0xdd, 0xad, 0xc4, 0x21, 0x49, 0x4b, 
	0x51, 0x4b, 0xbb, 0x19, 0xf3, 0xdf, 0xf4, 0x21, 
	0xe3, 0xdf, 0x79, 0xcf, 0x51, 0x8d, 0x82, 0x95, 
	0x4a, 0x52, 0x9c, 0xe7, 0xdd, 0x29, 0x7a, 0x53, 
	0x41, 0x09, 0xe3, 0x5b, 0xf3, 0x9d, 0x9a, 0x53, 
	0xd4, 0xa5, 0x8c, 0x63, 0xd5, 0xef, 0xec, 0xa5, 
	0xec, 0x21, 0x18, 0x43, 0x08, 0x01, 0xf3, 0x5b, 
	0xfb, 0x5b, 0x71, 0x8d, 0xa2, 0x53, 0xf4, 0x63, 
	0x31, 0x8d, 0x84, 0x21, 0xdd, 0x6b, 0x61, 0x4b, 
	0x59, 0x09, 0xf3, 0x19, 0xeb, 0x19, 0xed, 0x29, 
	0x73, 0x9d, 0xce, 0x31, 0x6b, 0x5b, 0x7b, 0xdf, 
	0xec, 0x63, 0x31, 0x8c, 0x5a, 0xd7, 0x39, 0xcf, 
	0x4a, 0x53, 0xb4, 0x21, 0x62, 0x11, 0xcc, 0xa5, 
	0x6a, 0x11, 0xcc, 0x21, 0x9b, 0xdf, 0xcd, 0xef, 
	0xab, 0xdf, 0xb3, 0xdf, 0x82, 0xd7, 0x93, 0x5b, 
	0x63, 0x18, 0xc5, 0x29, 0x31, 0x09, 0x10, 0x85, 
	0x59, 0xcf, 0x28, 0xc7, 0xcd, 0x6b, 0x52, 0x94, 
	0x52, 0x95, 0x39, 0xce, 
};

Texture boo_coin_Boo_Coins_Joyous1_ci8[] = {
	0x00, 0x00, 0x00, 0x00, 0x00, 0x00, 0x00, 0x00, 
	0x00, 0x00, 0x00, 0x01, 0x01, 0x02, 0x03, 0x03, 
	0x03, 0x03, 0x03, 0x04, 0x00, 0x00, 0x00, 0x00, 
	0x00, 0x00, 0x00, 0x00, 0x00, 0x00, 0x00, 0x00, 
	0x00, 0x00, 0x00, 0x00, 0x00, 0x00, 0x00, 0x00, 
	0x00, 0x00, 0x05, 0x05, 0x05, 0x06, 0x06, 0x02, 
	0x03, 0x03, 0x03, 0x03, 0x03, 0x04, 0x00, 0x00, 
	0x00, 0x00, 0x00, 0x00, 0x00, 0x00, 0x00, 0x00, 
	0x00, 0x00, 0x00, 0x00, 0x00, 0x00, 0x00, 0x00, 
	0x07, 0x08, 0x09, 0x09, 0x09, 0x05, 0x06, 0x02, 
	0x02, 0x03, 0x03, 0x03, 0x03, 0x03, 0x03, 0x00, 
	0x00, 0x00, 0x00, 0x00, 0x00, 0x00, 0x00, 0x00, 
	0x00, 0x00, 0x00, 0x00, 0x00, 0x00, 0x00, 0x0a, 
	0x0a, 0x0b, 0x0b, 0x0b, 0x0b, 0x0b, 0x0b, 0x08, 
	0x02, 0x03, 0x03, 0x03, 0x03, 0x03, 0x03, 0x03, 
	0x00, 0x00, 0x00, 0x00, 0x00, 0x00, 0x00, 0x00, 
	0x00, 0x00, 0x00, 0x00, 0x00, 0x00, 0x0c, 0x0d, 
	0x0b, 0x0b, 0x0b, 0x0b, 0x0b, 0x0b, 0x0b, 0x0b, 
	0x0b, 0x06, 0x03, 0x03, 0x03, 0x03, 0x03, 0x03, 
	0x02, 0x00, 0x00, 0x00, 0x00, 0x00, 0x00, 0x00, 
	0x00, 0x00, 0x00, 0x00, 0x0e, 0x0e, 0x0f, 0x10, 
	0x11, 0x0b, 0x0b, 0x0b, 0x0b, 0x0b, 0x10, 0x11, 
	0x0b, 0x0b, 0x06, 0x03, 0x03, 0x03, 0x03, 0x02, 
	0x02, 0x01, 0x00, 0x00, 0x00, 0x00, 0x00, 0x00, 
	0x00, 0x00, 0x00, 0x00, 0x0e, 0x0f, 0x12, 0x10, 
	0x13, 0x0b, 0x0b, 0x0b, 0x0b, 0x0b, 0x14, 0x11, 
	0x0b, 0x0b, 0x0b, 0x03, 0x03, 0x03, 0x02, 0x02, 
	0x02, 0x06, 0x00, 0x00, 0x00, 0x00, 0x00, 0x00, 
	0x00, 0x00, 0x00, 0x00, 0x0e, 0x12, 0x0b, 0x15, 
	0x16, 0x0b, 0x12, 0x15, 0x12, 0x12, 0x17, 0x12, 
	0x0b, 0x0b, 0x0b, 0x0b, 0x03, 0x03, 0x03, 0x02, 
	0x06, 0x06, 0x09, 0x00, 0x00, 0x00, 0x00, 0x00, 
	0x00, 0x00, 0x00, 0x00, 0x0b, 0x12, 0x12, 0x12, 
	0x17, 0x18, 0x15, 0x17, 0x12, 0x19, 0x16, 0x12, 
	0x12, 0x12, 0x12, 0x0b, 0x06, 0x03, 0x03, 0x06, 
	0x06, 0x05, 0x05, 0x00, 0x00, 0x00, 0x00, 0x00, 
	0x00, 0x00, 0x00, 0x00, 0x12, 0x12, 0x12, 0x12, 
	0x1a, 0x1b, 0x1a, 0x17, 0x15, 0x14, 0x15, 0x12, 
	0x12, 0x12, 0x12, 0x12, 0x0b, 0x03, 0x03, 0x03, 
	0x05, 0x05, 0x09, 0x07, 0x00, 0x00, 0x00, 0x00, 
	0x00, 0x00, 0x00, 0x1c, 0x12, 0x12, 0x12, 0x12, 
	0x18, 0x14, 0x17, 0x1d, 0x1b, 0x14, 0x12, 0x12, 
	0x12, 0x12, 0x12, 0x12, 0x0b, 0x02, 0x03, 0x03, 
	0x09, 0x09, 0x09, 0x08, 0x00, 0x00, 0x00, 0x00, 
	0x00, 0x00, 0x00, 0x1e, 0x12, 0x12, 0x12, 0x12, 
	0x12, 0x1a, 0x14, 0x1f, 0x15, 0x16, 0x12, 0x12, 
	0x12, 0x12, 0x12, 0x12, 0x12, 0x0a, 0x06, 0x02, 
	0x08, 0x08, 0x08, 0x08, 0x00, 0x00, 0x00, 0x00, 
	0x00, 0x00, 0x00, 0x18, 0x12, 0x12, 0x12, 0x12, 
	0x12, 0x13, 0x1a, 0x1f, 0x11, 0x16, 0x12, 0x12, 
	0x12, 0x12, 0x12, 0x12, 0x12, 0x20, 0x09, 0x09, 
	0x0a, 0x0a, 0x0a, 0x0a, 0x00, 0x00, 0x00, 0x00, 
	0x00, 0x00, 0x21, 0x18, 0x18, 0x18, 0x18, 0x18, 
	0x18, 0x13, 0x1f, 0x1f, 0x11, 0x16, 0x18, 0x18, 
	0x18, 0x18, 0x18, 0x18, 0x18, 0x12, 0x0a, 0x08, 
	0x08, 0x22, 0x22, 0x22, 0x00, 0x00, 0x00, 0x00, 
	0x00, 0x00, 0x23, 0x18, 0x18, 0x18, 0x18, 0x18, 
	0x18, 0x13, 0x1a, 0x1f, 0x11, 0x16, 0x18, 0x18, 
	0x18, 0x18, 0x18, 0x18, 0x18, 0x12, 0x22, 0x22, 
	0x0a, 0x24, 0x24, 0x0d, 0x00, 0x00, 0x00, 0x00, 
	0x00, 0x00, 0x13, 0x18, 0x1b, 0x1b, 0x1e, 0x18, 
	0x18, 0x25, 0x25, 0x1f, 0x19, 0x16, 0x18, 0x18, 
	0x18, 0x18, 0x18, 0x18, 0x18, 0x12, 0x24, 0x24, 
	0x24, 0x0d, 0x0d, 0x0f, 0x00, 0x00, 0x00, 0x00, 
	0x00, 0x00, 0x13, 0x1e, 0x17, 0x1e, 0x18, 0x18, 
	0x18, 0x1e, 0x1d, 0x18, 0x1d, 0x1e, 0x18, 0x18, 
	0x18, 0x1e, 0x1d, 0x18, 0x18, 0x12, 0x0d, 0x0d, 
	0x0d, 0x20, 0x20, 0x20, 0x00, 0x00, 0x00, 0x00, 
	0x00, 0x00, 0x23, 0x1e, 0x14, 0x1f, 0x1e, 0x1e, 
	0x1d, 0x1d, 0x1d, 0x1d, 0x1e, 0x1e, 0x18, 0x1e, 
	0x1d, 0x14, 0x17, 0x18, 0x18, 0x12, 0x20, 0x0f, 
	0x0f, 0x26, 0x26, 0x0b, 0x00, 0x00, 0x00, 0x00, 
	0x00, 0x00, 0x27, 0x1e, 0x11, 0x25, 0x10, 0x1b, 
	0x28, 0x29, 0x29, 0x2a, 0x2b, 0x25, 0x10, 0x1b, 
	0x28, 0x2a, 0x17, 0x18, 0x18, 0x12, 0x26, 0x26, 
	0x26, 0x12, 0x12, 0x12, 0x00, 0x00, 0x00, 0x00, 
	0x00, 0x00, 0x2c, 0x1e, 0x1e, 0x16, 0x15, 0x25, 
	0x28, 0x17, 0x17, 0x17, 0x17, 0x16, 0x15, 0x25, 
	0x28, 0x17, 0x17, 0x1e, 0x1e, 0x12, 0x0b, 0x0b, 
	0x18, 0x1e, 0x1e, 0x11, 0x00, 0x00, 0x00, 0x00, 
	0x00, 0x00, 0x00, 0x15, 0x1e, 0x1b, 0x18, 0x29, 
	0x2d, 0x2a, 0x2a, 0x2a, 0x2a, 0x17, 0x11, 0x29, 
	0x2d, 0x29, 0x14, 0x1e, 0x1e, 0x12, 0x18, 0x18, 
	0x15, 0x1d, 0x1d, 0x1d, 0x00, 0x00, 0x00, 0x00, 
	0x00, 0x00, 0x00, 0x2e, 0x1e, 0x2f, 0x1f, 0x2a, 
	0x2d, 0x2d, 0x2d, 0x2d, 0x2d, 0x29, 0x1d, 0x28, 
	0x2d, 0x29, 0x10, 0x1e, 0x18, 0x11, 0x11, 0x11, 
	0x1f, 0x1f, 0x13, 0x1a, 0x00, 0x00, 0x00, 0x00, 
	0x00, 0x00, 0x00, 0x2c, 0x11, 0x1e, 0x14, 0x30, 
	0x31, 0x2d, 0x32, 0x31, 0x29, 0x30, 0x17, 0x33, 
	0x31, 0x17, 0x1d, 0x1e, 0x18, 0x1d, 0x1d, 0x2f, 
	0x2e, 0x2e, 0x2e, 0x2c, 0x00, 0x00, 0x00, 0x00, 
	0x00, 0x00, 0x00, 0x00, 0x2f, 0x1e, 0x1f, 0x31, 
	0x30, 0x2a, 0x2b, 0x32, 0x17, 0x30, 0x30, 0x32, 
	0x31, 0x14, 0x1e, 0x1e, 0x15, 0x19, 0x19, 0x2e, 
	0x2e, 0x2e, 0x2e, 0x00, 0x00, 0x00, 0x00, 0x00, 
	0x00, 0x00, 0x00, 0x00, 0x0e, 0x11, 0x1e, 0x2e, 
	0x34, 0x29, 0x25, 0x35, 0x25, 0x2a, 0x33, 0x30, 
	0x29, 0x1f, 0x1e, 0x1e, 0x2e, 0x2e, 0x2e, 0x2e, 
	0x2e, 0x2e, 0x2e, 0x00, 0x00, 0x00, 0x00, 0x00, 
	0x00, 0x00, 0x00, 0x00, 0x0e, 0x2e, 0x1e, 0x11, 
	0x14, 0x16, 0x13, 0x31, 0x13, 0x25, 0x36, 0x2d, 
	0x16, 0x11, 0x1e, 0x2e, 0x2e, 0x2e, 0x2e, 0x2e, 
	0x2e, 0x2e, 0x2c, 0x00, 0x00, 0x00, 0x00, 0x00, 
	0x00, 0x00, 0x00, 0x00, 0x0e, 0x0e, 0x1d, 0x11, 
	0x11, 0x14, 0x13, 0x14, 0x11, 0x2f, 0x17, 0x14, 
	0x15, 0x1e, 0x1f, 0x2e, 0x2e, 0x2e, 0x2e, 0x2e, 
	0x2e, 0x2e, 0x00, 0x00, 0x00, 0x00, 0x00, 0x00, 
	0x00, 0x00, 0x00, 0x00, 0x0e, 0x0e, 0x2e, 0x2f, 
	0x11, 0x11, 0x2e, 0x14, 0x1b, 0x14, 0x1b, 0x11, 
	0x1e, 0x1a, 0x2e, 0x2e, 0x2e, 0x2e, 0x2e, 0x2e, 
	0x2e, 0x00, 0x00, 0x00, 0x00, 0x00, 0x00, 0x00, 
	0x00, 0x00, 0x00, 0x00, 0x00, 0x00, 0x00, 0x2e, 
	0x2e, 0x15, 0x11, 0x11, 0x11, 0x11, 0x11, 0x15, 
	0x2e, 0x2e, 0x2e, 0x2e, 0x2e, 0x2e, 0x2e, 0x2e, 
	0x2c, 0x00, 0x00, 0x00, 0x00, 0x00, 0x00, 0x00, 
	0x00, 0x00, 0x00, 0x00, 0x00, 0x00, 0x00, 0x00, 
	0x2e, 0x2e, 0x2e, 0x2e, 0x2e, 0x2e, 0x2e, 0x2e, 
	0x2e, 0x2e, 0x2e, 0x2e, 0x2e, 0x2e, 0x2e, 0x27, 
	0x00, 0x00, 0x00, 0x00, 0x00, 0x00, 0x00, 0x00, 
	0x00, 0x00, 0x00, 0x00, 0x00, 0x00, 0x00, 0x00, 
	0x00, 0x2c, 0x2e, 0x2e, 0x2e, 0x2e, 0x2e, 0x2e, 
	0x2e, 0x2e, 0x2e, 0x2e, 0x2e, 0x2c, 0x00, 0x00, 
	0x00, 0x00, 0x00, 0x00, 0x00, 0x00, 0x00, 0x00, 
	0x00, 0x00, 0x00, 0x00, 0x00, 0x00, 0x00, 0x00, 
	0x00, 0x00, 0x00, 0x00, 0x00, 0x00, 0x00, 0x00, 
	0x00, 0x00, 0x00, 0x00, 0x00, 0x00, 0x00, 0x00, 
	0x00, 0x00, 0x00, 0x00, 0x00, 0x00, 0x00, 0x00, 
	
};

Texture boo_coin_Boo_Coins_Joyous1_pal_rgba16[] = {
	0x00, 0x00, 0xef, 0x7a, 0xf7, 0xbd, 0xff, 0xff, 
	0xff, 0xfe, 0xe7, 0x39, 0xef, 0x7b, 0xd6, 0xb4, 
	0xd6, 0xb5, 0xde, 0xf7, 0xce, 0x73, 0x94, 0xa5, 
	0xbd, 0xee, 0xb5, 0xad, 0x84, 0x20, 0xad, 0x6b, 
	0x29, 0x4b, 0x73, 0x9d, 0x8c, 0x63, 0x42, 0x11, 
	0x08, 0x43, 0x6b, 0x5b, 0x10, 0x85, 0x00, 0x01, 
	0x84, 0x21, 0x52, 0x95, 0x39, 0xcf, 0x21, 0x09, 
	0x7b, 0xde, 0x63, 0x19, 0x7b, 0xdf, 0x4a, 0x53, 
	0xa5, 0x29, 0x5a, 0xd6, 0xc6, 0x31, 0x73, 0x9c, 
	0xbd, 0xef, 0x18, 0xc7, 0x9c, 0xe7, 0x42, 0x10, 
	0x30, 0x01, 0x08, 0x01, 0x10, 0x01, 0x18, 0x01, 
	0x31, 0x8c, 0x20, 0x01, 0x31, 0x8d, 0x5a, 0xd7, 
	0x40, 0x01, 0x28, 0x01, 0x38, 0x01, 0x50, 0x01, 
	0x48, 0x01, 0x68, 0x01, 0x60, 0x01, 
};

Texture boo_coin_Boo_Coins_Joyous2_ci8[] = {
	0x00, 0x00, 0x00, 0x00, 0x00, 0x00, 0x00, 0x00, 
	0x00, 0x00, 0x00, 0x00, 0x00, 0x01, 0x02, 0x03, 
	0x04, 0x05, 0x02, 0x00, 0x00, 0x00, 0x00, 0x00, 
	0x00, 0x00, 0x00, 0x00, 0x00, 0x00, 0x00, 0x00, 
	0x00, 0x00, 0x00, 0x00, 0x00, 0x00, 0x00, 0x00, 
	0x00, 0x00, 0x06, 0x07, 0x05, 0x05, 0x05, 0x05, 
	0x05, 0x05, 0x05, 0x05, 0x05, 0x02, 0x00, 0x00, 
	0x00, 0x00, 0x00, 0x00, 0x00, 0x00, 0x00, 0x00, 
	0x00, 0x00, 0x00, 0x00, 0x00, 0x00, 0x00, 0x00, 
	0x06, 0x03, 0x03, 0x04, 0x05, 0x05, 0x05, 0x05, 
	0x05, 0x05, 0x05, 0x05, 0x05, 0x05, 0x05, 0x02, 
	0x00, 0x00, 0x00, 0x00, 0x00, 0x00, 0x00, 0x00, 
	0x00, 0x00, 0x00, 0x00, 0x00, 0x00, 0x00, 0x08, 
	0x07, 0x03, 0x04, 0x05, 0x09, 0x09, 0x07, 0x07, 
	0x07, 0x07, 0x07, 0x07, 0x05, 0x05, 0x05, 0x05, 
	0x05, 0x0a, 0x00, 0x00, 0x00, 0x00, 0x00, 0x00, 
	0x00, 0x00, 0x00, 0x00, 0x00, 0x0b, 0x09, 0x09, 
	0x07, 0x03, 0x09, 0x09, 0x09, 0x09, 0x09, 0x09, 
	0x07, 0x07, 0x07, 0x07, 0x07, 0x07, 0x03, 0x05, 
	0x05, 0x05, 0x0a, 0x00, 0x00, 0x00, 0x00, 0x00, 
	0x00, 0x00, 0x00, 0x00, 0x0c, 0x08, 0x08, 0x09, 
	0x09, 0x0d, 0x0e, 0x09, 0x09, 0x09, 0x09, 0x09, 
	0x09, 0x09, 0x07, 0x07, 0x07, 0x07, 0x0f, 0x10, 
	0x05, 0x05, 0x05, 0x11, 0x00, 0x00, 0x00, 0x00, 
	0x00, 0x00, 0x00, 0x00, 0x12, 0x13, 0x08, 0x09, 
	0x09, 0x0d, 0x14, 0x09, 0x09, 0x09, 0x09, 0x09, 
	0x09, 0x09, 0x09, 0x07, 0x07, 0x07, 0x14, 0x10, 
	0x07, 0x05, 0x05, 0x05, 0x01, 0x00, 0x00, 0x00, 
	0x00, 0x00, 0x00, 0x15, 0x12, 0x13, 0x09, 0x09, 
	0x09, 0x08, 0x16, 0x15, 0x09, 0x09, 0x09, 0x08, 
	0x0d, 0x08, 0x09, 0x09, 0x09, 0x15, 0x17, 0x09, 
	0x07, 0x07, 0x05, 0x05, 0x05, 0x00, 0x00, 0x00, 
	0x00, 0x00, 0x18, 0x19, 0x12, 0x08, 0x08, 0x08, 
	0x09, 0x09, 0x1a, 0x14, 0x08, 0x09, 0x09, 0x0d, 
	0x16, 0x15, 0x09, 0x09, 0x09, 0x14, 0x1b, 0x07, 
	0x07, 0x07, 0x09, 0x05, 0x05, 0x09, 0x00, 0x00, 
	0x00, 0x00, 0x15, 0x19, 0x08, 0x08, 0x08, 0x08, 
	0x08, 0x08, 0x08, 0x14, 0x14, 0x13, 0x08, 0x14, 
	0x1c, 0x14, 0x09, 0x13, 0x14, 0x1d, 0x09, 0x09, 
	0x09, 0x07, 0x07, 0x09, 0x05, 0x04, 0x00, 0x00, 
	0x00, 0x1e, 0x15, 0x10, 0x08, 0x08, 0x08, 0x08, 
	0x08, 0x08, 0x08, 0x08, 0x1c, 0x1f, 0x17, 0x20, 
	0x09, 0x20, 0x14, 0x14, 0x1c, 0x09, 0x09, 0x09, 
	0x09, 0x09, 0x09, 0x09, 0x04, 0x03, 0x21, 0x00, 
	0x00, 0x22, 0x0d, 0x12, 0x08, 0x08, 0x08, 0x08, 
	0x08, 0x08, 0x08, 0x08, 0x23, 0x04, 0x0f, 0x13, 
	0x09, 0x13, 0x22, 0x04, 0x24, 0x09, 0x09, 0x09, 
	0x09, 0x09, 0x09, 0x09, 0x07, 0x03, 0x07, 0x00, 
	0x00, 0x25, 0x0d, 0x08, 0x08, 0x08, 0x08, 0x08, 
	0x08, 0x08, 0x08, 0x08, 0x23, 0x05, 0x19, 0x15, 
	0x09, 0x0d, 0x12, 0x05, 0x26, 0x08, 0x09, 0x09, 
	0x09, 0x09, 0x09, 0x09, 0x09, 0x07, 0x07, 0x00, 
	0x27, 0x25, 0x28, 0x13, 0x08, 0x08, 0x08, 0x08, 
	0x08, 0x08, 0x08, 0x13, 0x1a, 0x05, 0x19, 0x15, 
	0x08, 0x28, 0x12, 0x05, 0x29, 0x08, 0x09, 0x09, 
	0x09, 0x09, 0x09, 0x09, 0x09, 0x07, 0x09, 0x00, 
	0x1e, 0x2a, 0x25, 0x13, 0x13, 0x13, 0x13, 0x08, 
	0x08, 0x08, 0x08, 0x13, 0x1f, 0x05, 0x10, 0x15, 
	0x08, 0x28, 0x12, 0x05, 0x26, 0x08, 0x09, 0x09, 
	0x09, 0x09, 0x08, 0x09, 0x09, 0x07, 0x09, 0x00, 
	0x23, 0x20, 0x25, 0x13, 0x13, 0x1a, 0x26, 0x13, 
	0x08, 0x08, 0x08, 0x08, 0x26, 0x19, 0x26, 0x13, 
	0x08, 0x13, 0x1f, 0x19, 0x1f, 0x09, 0x09, 0x09, 
	0x09, 0x08, 0x14, 0x1a, 0x09, 0x07, 0x08, 0x00, 
	0x23, 0x1c, 0x2a, 0x13, 0x12, 0x17, 0x19, 0x13, 
	0x13, 0x13, 0x08, 0x08, 0x13, 0x28, 0x0d, 0x08, 
	0x08, 0x08, 0x0d, 0x0d, 0x08, 0x08, 0x08, 0x09, 
	0x09, 0x09, 0x12, 0x26, 0x08, 0x09, 0x13, 0x00, 
	0x23, 0x1b, 0x2b, 0x13, 0x12, 0x14, 0x29, 0x12, 
	0x13, 0x13, 0x13, 0x13, 0x13, 0x13, 0x13, 0x13, 
	0x13, 0x13, 0x13, 0x13, 0x13, 0x13, 0x08, 0x08, 
	0x08, 0x13, 0x0e, 0x1f, 0x08, 0x09, 0x13, 0x00, 
	0x2c, 0x1a, 0x1c, 0x13, 0x13, 0x13, 0x23, 0x2d, 
	0x2e, 0x1a, 0x1a, 0x2f, 0x30, 0x30, 0x30, 0x30, 
	0x30, 0x30, 0x30, 0x30, 0x30, 0x31, 0x1a, 0x1a, 
	0x32, 0x33, 0x24, 0x08, 0x08, 0x13, 0x12, 0x00, 
	0x00, 0x24, 0x1a, 0x13, 0x13, 0x13, 0x19, 0x2f, 
	0x34, 0x15, 0x05, 0x35, 0x36, 0x36, 0x36, 0x36, 
	0x36, 0x36, 0x36, 0x36, 0x36, 0x26, 0x05, 0x28, 
	0x37, 0x38, 0x13, 0x08, 0x08, 0x19, 0x19, 0x00, 
	0x00, 0x23, 0x29, 0x15, 0x13, 0x13, 0x13, 0x39, 
	0x3a, 0x26, 0x04, 0x35, 0x37, 0x37, 0x37, 0x37, 
	0x37, 0x37, 0x37, 0x37, 0x37, 0x26, 0x04, 0x3b, 
	0x3c, 0x26, 0x08, 0x08, 0x08, 0x10, 0x10, 0x00, 
	0x00, 0x2c, 0x23, 0x29, 0x13, 0x13, 0x12, 0x1c, 
	0x3d, 0x3e, 0x20, 0x35, 0x3f, 0x3f, 0x3f, 0x3f, 
	0x3f, 0x3f, 0x3f, 0x3f, 0x3f, 0x26, 0x1b, 0x40, 
	0x41, 0x20, 0x08, 0x08, 0x19, 0x15, 0x1c, 0x00, 
	0x00, 0x00, 0x23, 0x23, 0x19, 0x13, 0x13, 0x12, 
	0x2e, 0x42, 0x43, 0x2d, 0x40, 0x34, 0x42, 0x42, 
	0x42, 0x42, 0x44, 0x30, 0x42, 0x45, 0x36, 0x36, 
	0x17, 0x13, 0x13, 0x08, 0x0d, 0x0d, 0x46, 0x00, 
	0x00, 0x00, 0x2c, 0x23, 0x23, 0x12, 0x13, 0x13, 
	0x28, 0x30, 0x40, 0x47, 0x37, 0x1d, 0x42, 0x48, 
	0x48, 0x48, 0x49, 0x39, 0x47, 0x44, 0x48, 0x41, 
	0x15, 0x08, 0x13, 0x15, 0x28, 0x2a, 0x00, 0x00, 
	0x00, 0x00, 0x00, 0x23, 0x23, 0x1c, 0x13, 0x13, 
	0x13, 0x23, 0x3f, 0x4a, 0x4b, 0x03, 0x35, 0x4a, 
	0x4a, 0x4c, 0x4d, 0x07, 0x3f, 0x4c, 0x4e, 0x24, 
	0x08, 0x13, 0x12, 0x25, 0x2a, 0x00, 0x00, 0x00, 
	0x00, 0x00, 0x00, 0x2c, 0x23, 0x23, 0x20, 0x12, 
	0x13, 0x12, 0x14, 0x40, 0x1f, 0x05, 0x1b, 0x4f, 
	0x50, 0x51, 0x20, 0x05, 0x52, 0x53, 0x1d, 0x13, 
	0x13, 0x12, 0x2a, 0x20, 0x54, 0x00, 0x00, 0x00, 
	0x00, 0x00, 0x00, 0x00, 0x2c, 0x23, 0x23, 0x2b, 
	0x12, 0x13, 0x12, 0x14, 0x1b, 0x05, 0x03, 0x40, 
	0x55, 0x56, 0x03, 0x05, 0x1a, 0x26, 0x13, 0x13, 
	0x19, 0x2b, 0x1c, 0x23, 0x00, 0x00, 0x00, 0x00, 
	0x00, 0x00, 0x00, 0x00, 0x00, 0x11, 0x23, 0x23, 
	0x23, 0x12, 0x12, 0x13, 0x2b, 0x26, 0x29, 0x57, 
	0x58, 0x39, 0x29, 0x26, 0x2b, 0x13, 0x13, 0x20, 
	0x1b, 0x22, 0x24, 0x11, 0x00, 0x00, 0x00, 0x00, 
	0x00, 0x00, 0x00, 0x00, 0x00, 0x00, 0x2c, 0x23, 
	0x23, 0x23, 0x23, 0x19, 0x12, 0x12, 0x12, 0x12, 
	0x12, 0x12, 0x12, 0x12, 0x12, 0x20, 0x0e, 0x29, 
	0x29, 0x59, 0x00, 0x00, 0x00, 0x00, 0x00, 0x00, 
	0x00, 0x00, 0x00, 0x00, 0x00, 0x00, 0x00, 0x00, 
	0x23, 0x23, 0x23, 0x23, 0x23, 0x23, 0x2b, 0x28, 
	0x0d, 0x25, 0x0e, 0x23, 0x23, 0x23, 0x23, 0x23, 
	0x00, 0x00, 0x00, 0x00, 0x00, 0x00, 0x00, 0x00, 
	0x00, 0x00, 0x00, 0x00, 0x00, 0x00, 0x00, 0x00, 
	0x00, 0x00, 0x2c, 0x23, 0x23, 0x23, 0x23, 0x23, 
	0x23, 0x23, 0x23, 0x23, 0x23, 0x23, 0x2c, 0x00, 
	0x00, 0x00, 0x00, 0x00, 0x00, 0x00, 0x00, 0x00, 
	0x00, 0x00, 0x00, 0x00, 0x00, 0x00, 0x00, 0x00, 
	0x00, 0x00, 0x00, 0x00, 0x00, 0x00, 0x00, 0x00, 
	0x00, 0x00, 0x00, 0x00, 0x00, 0x00, 0x00, 0x00, 
	0x00, 0x00, 0x00, 0x00, 0x00, 0x00, 0x00, 0x00, 
	
};

Texture boo_coin_Boo_Coins_Joyous2_pal_rgba16[] = {
	0x00, 0x00, 0xef, 0x7a, 0xff, 0xfe, 0xef, 0x7b, 
	0xf7, 0xbd, 0xff, 0xff, 0xde, 0xf6, 0xe7, 0x39, 
	0xd6, 0xb5, 0xde, 0xf7, 0xf7, 0xbc, 0xbd, 0xee, 
	0xad, 0x6a, 0xa5, 0x29, 0x52, 0x95, 0x42, 0x11, 
	0xb5, 0xad, 0x84, 0x20, 0xc6, 0x31, 0xce, 0x73, 
	0x10, 0x85, 0xad, 0x6b, 0x00, 0x01, 0x08, 0x43, 
	0x9c, 0xe6, 0xbd, 0xef, 0x5a, 0xd7, 0x6b, 0x5b, 
	0x73, 0x9d, 0x21, 0x09, 0x6b, 0x5a, 0x29, 0x4b, 
	0x84, 0x21, 0xe7, 0x38, 0x63, 0x19, 0x31, 0x8d, 
	0x39, 0xcf, 0x94, 0xa5, 0x18, 0xc7, 0x4a, 0x52, 
	0x9c, 0xe7, 0x4a, 0x53, 0x8c, 0x63, 0x7b, 0xdf, 
	0x31, 0x8c, 0x50, 0x01, 0x10, 0x43, 0x38, 0x01, 
	0x58, 0x01, 0x10, 0x45, 0x20, 0x43, 0x20, 0x01, 
	0x18, 0x01, 0x50, 0x43, 0x68, 0x01, 0x78, 0x01, 
	0x00, 0x43, 0x18, 0x85, 0x80, 0x01, 0x28, 0x43, 
	0x48, 0x01, 0x70, 0x01, 0x40, 0x01, 0x90, 0x01, 
	0xa0, 0x01, 0x08, 0x01, 0xa8, 0x01, 0x10, 0x01, 
	0x88, 0x01, 0x08, 0x03, 0x63, 0x18, 0xc0, 0x01, 
	0xb8, 0x01, 0x38, 0x03, 0xd0, 0x01, 0x20, 0x03, 
	0xc8, 0x01, 0x18, 0x87, 0x30, 0x01, 0xd8, 0x01, 
	0xe0, 0x01, 0x98, 0x01, 0x28, 0x85, 0x50, 0x03, 
	0x52, 0x94, 0xf0, 0x01, 0x40, 0x03, 0x18, 0x43, 
	0x48, 0x43, 0x39, 0xce, 
};

Texture boo_coin_Boo_Coins_Joyous3_ci8[] = {
	0x00, 0x00, 0x00, 0x00, 0x00, 0x00, 0x00, 0x00, 
	0x00, 0x00, 0x00, 0x01, 0x02, 0x03, 0x03, 0x03, 
	0x04, 0x05, 0x06, 0x07, 0x00, 0x00, 0x00, 0x00, 
	0x00, 0x00, 0x00, 0x00, 0x00, 0x00, 0x00, 0x00, 
	0x00, 0x00, 0x00, 0x00, 0x00, 0x00, 0x00, 0x00, 
	0x00, 0x00, 0x08, 0x08, 0x03, 0x03, 0x06, 0x06, 
	0x06, 0x06, 0x06, 0x06, 0x06, 0x07, 0x00, 0x00, 
	0x00, 0x00, 0x00, 0x00, 0x00, 0x00, 0x00, 0x00, 
	0x00, 0x00, 0x00, 0x00, 0x00, 0x00, 0x00, 0x00, 
	0x09, 0x0a, 0x08, 0x08, 0x05, 0x06, 0x06, 0x06, 
	0x06, 0x06, 0x06, 0x06, 0x06, 0x06, 0x06, 0x00, 
	0x00, 0x00, 0x00, 0x00, 0x00, 0x00, 0x00, 0x00, 
	0x00, 0x00, 0x00, 0x00, 0x00, 0x00, 0x00, 0x0b, 
	0x0c, 0x0a, 0x0a, 0x06, 0x06, 0x06, 0x06, 0x06, 
	0x04, 0x04, 0x04, 0x04, 0x04, 0x04, 0x06, 0x06, 
	0x00, 0x00, 0x00, 0x00, 0x00, 0x00, 0x00, 0x00, 
	0x00, 0x00, 0x00, 0x00, 0x00, 0x00, 0x0d, 0x0e, 
	0x0c, 0x0c, 0x06, 0x06, 0x06, 0x06, 0x04, 0x04, 
	0x03, 0x04, 0x04, 0x04, 0x04, 0x04, 0x04, 0x04, 
	0x05, 0x00, 0x00, 0x00, 0x00, 0x00, 0x00, 0x00, 
	0x00, 0x00, 0x00, 0x00, 0x00, 0x0f, 0x10, 0x10, 
	0x0e, 0x0a, 0x06, 0x06, 0x06, 0x04, 0x04, 0x11, 
	0x12, 0x04, 0x04, 0x04, 0x04, 0x04, 0x11, 0x12, 
	0x04, 0x13, 0x13, 0x00, 0x00, 0x00, 0x00, 0x00, 
	0x00, 0x00, 0x00, 0x00, 0x00, 0x14, 0x11, 0x10, 
	0x10, 0x06, 0x06, 0x06, 0x04, 0x04, 0x04, 0x11, 
	0x15, 0x04, 0x04, 0x04, 0x04, 0x04, 0x16, 0x17, 
	0x04, 0x18, 0x13, 0x00, 0x00, 0x00, 0x00, 0x00, 
	0x00, 0x00, 0x00, 0x00, 0x13, 0x14, 0x14, 0x11, 
	0x08, 0x06, 0x06, 0x06, 0x04, 0x04, 0x04, 0x03, 
	0x19, 0x03, 0x04, 0x14, 0x08, 0x04, 0x1a, 0x10, 
	0x04, 0x04, 0x18, 0x00, 0x00, 0x00, 0x00, 0x00, 
	0x00, 0x00, 0x00, 0x00, 0x0b, 0x1b, 0x1b, 0x14, 
	0x06, 0x06, 0x06, 0x04, 0x04, 0x04, 0x04, 0x04, 
	0x1a, 0x1c, 0x03, 0x19, 0x10, 0x08, 0x1d, 0x03, 
	0x04, 0x04, 0x04, 0x00, 0x00, 0x00, 0x00, 0x00, 
	0x00, 0x00, 0x00, 0x00, 0x1e, 0x0b, 0x0b, 0x1b, 
	0x06, 0x06, 0x06, 0x04, 0x04, 0x04, 0x04, 0x04, 
	0x11, 0x1d, 0x11, 0x1d, 0x16, 0x1f, 0x20, 0x04, 
	0x04, 0x04, 0x04, 0x21, 0x00, 0x00, 0x00, 0x00, 
	0x00, 0x00, 0x00, 0x22, 0x23, 0x1c, 0x1e, 0x0a, 
	0x05, 0x06, 0x04, 0x04, 0x04, 0x04, 0x04, 0x04, 
	0x04, 0x1a, 0x24, 0x11, 0x1a, 0x1d, 0x03, 0x04, 
	0x04, 0x04, 0x04, 0x04, 0x00, 0x00, 0x00, 0x00, 
	0x00, 0x00, 0x00, 0x16, 0x25, 0x23, 0x1c, 0x03, 
	0x18, 0x06, 0x03, 0x03, 0x03, 0x03, 0x03, 0x03, 
	0x03, 0x26, 0x04, 0x1c, 0x14, 0x27, 0x03, 0x03, 
	0x03, 0x03, 0x03, 0x03, 0x00, 0x00, 0x00, 0x00, 
	0x00, 0x00, 0x00, 0x17, 0x16, 0x20, 0x23, 0x08, 
	0x03, 0x06, 0x03, 0x03, 0x03, 0x03, 0x03, 0x03, 
	0x03, 0x16, 0x05, 0x23, 0x05, 0x17, 0x03, 0x03, 
	0x03, 0x03, 0x03, 0x03, 0x00, 0x00, 0x00, 0x00, 
	0x00, 0x00, 0x28, 0x29, 0x12, 0x16, 0x20, 0x0a, 
	0x08, 0x18, 0x03, 0x03, 0x03, 0x03, 0x03, 0x03, 
	0x03, 0x16, 0x05, 0x23, 0x05, 0x17, 0x03, 0x03, 
	0x03, 0x03, 0x03, 0x03, 0x00, 0x00, 0x00, 0x00, 
	0x00, 0x00, 0x28, 0x24, 0x1f, 0x27, 0x17, 0x0c, 
	0x0a, 0x04, 0x03, 0x03, 0x03, 0x03, 0x03, 0x03, 
	0x03, 0x16, 0x05, 0x23, 0x05, 0x17, 0x03, 0x03, 
	0x03, 0x08, 0x03, 0x03, 0x00, 0x00, 0x00, 0x00, 
	0x00, 0x00, 0x29, 0x24, 0x24, 0x24, 0x27, 0x0e, 
	0x0c, 0x03, 0x03, 0x03, 0x03, 0x03, 0x03, 0x03, 
	0x03, 0x26, 0x0b, 0x1c, 0x1b, 0x26, 0x03, 0x03, 
	0x08, 0x24, 0x1f, 0x03, 0x00, 0x00, 0x00, 0x00, 
	0x00, 0x00, 0x29, 0x24, 0x24, 0x24, 0x1f, 0x10, 
	0x0e, 0x03, 0x03, 0x03, 0x14, 0x0a, 0x03, 0x03, 
	0x03, 0x0a, 0x14, 0x03, 0x14, 0x0a, 0x03, 0x03, 
	0x03, 0x08, 0x19, 0x03, 0x00, 0x00, 0x00, 0x00, 
	0x00, 0x00, 0x28, 0x24, 0x24, 0x24, 0x24, 0x11, 
	0x10, 0x03, 0x03, 0x08, 0x2a, 0x1a, 0x11, 0x08, 
	0x03, 0x08, 0x08, 0x14, 0x14, 0x14, 0x14, 0x08, 
	0x08, 0x1c, 0x1d, 0x03, 0x00, 0x00, 0x00, 0x00, 
	0x00, 0x00, 0x28, 0x24, 0x24, 0x24, 0x24, 0x14, 
	0x11, 0x03, 0x03, 0x08, 0x2b, 0x2c, 0x2a, 0x12, 
	0x17, 0x2d, 0x2e, 0x2f, 0x2f, 0x2f, 0x30, 0x12, 
	0x12, 0x1a, 0x0a, 0x03, 0x00, 0x00, 0x00, 0x00, 
	0x00, 0x00, 0x28, 0x24, 0x24, 0x24, 0x24, 0x1b, 
	0x14, 0x0c, 0x03, 0x08, 0x31, 0x32, 0x33, 0x0c, 
	0x06, 0x34, 0x32, 0x32, 0x32, 0x32, 0x33, 0x0a, 
	0x06, 0x1a, 0x03, 0x03, 0x00, 0x00, 0x00, 0x00, 
	0x00, 0x00, 0x00, 0x24, 0x24, 0x24, 0x24, 0x0b, 
	0x1b, 0x14, 0x03, 0x03, 0x35, 0x36, 0x2f, 0x12, 
	0x05, 0x37, 0x37, 0x37, 0x37, 0x37, 0x2f, 0x16, 
	0x18, 0x29, 0x03, 0x03, 0x00, 0x00, 0x00, 0x00, 
	0x00, 0x00, 0x00, 0x24, 0x24, 0x24, 0x24, 0x25, 
	0x1e, 0x1b, 0x03, 0x03, 0x38, 0x39, 0x39, 0x3a, 
	0x0e, 0x39, 0x39, 0x39, 0x39, 0x39, 0x39, 0x3b, 
	0x20, 0x11, 0x03, 0x08, 0x00, 0x00, 0x00, 0x00, 
	0x00, 0x00, 0x00, 0x28, 0x24, 0x24, 0x24, 0x24, 
	0x1c, 0x1e, 0x08, 0x03, 0x11, 0x2c, 0x3c, 0x2c, 
	0x24, 0x2e, 0x39, 0x3c, 0x3d, 0x3c, 0x3c, 0x3a, 
	0x1a, 0x08, 0x08, 0x3e, 0x00, 0x00, 0x00, 0x00, 
	0x00, 0x00, 0x00, 0x00, 0x24, 0x24, 0x24, 0x24, 
	0x25, 0x1c, 0x1e, 0x03, 0x08, 0x3f, 0x40, 0x41, 
	0x42, 0x43, 0x44, 0x41, 0x45, 0x3c, 0x41, 0x46, 
	0x0b, 0x03, 0x08, 0x00, 0x00, 0x00, 0x00, 0x00, 
	0x00, 0x00, 0x00, 0x00, 0x28, 0x24, 0x24, 0x24, 
	0x24, 0x25, 0x23, 0x0a, 0x03, 0x1c, 0x39, 0x47, 
	0x41, 0x48, 0x49, 0x32, 0x23, 0x2e, 0x33, 0x17, 
	0x08, 0x08, 0x1e, 0x00, 0x00, 0x00, 0x00, 0x00, 
	0x00, 0x00, 0x00, 0x00, 0x00, 0x24, 0x24, 0x24, 
	0x24, 0x17, 0x20, 0x25, 0x08, 0x03, 0x1a, 0x4a, 
	0x4b, 0x0a, 0x4c, 0x3a, 0x05, 0x4d, 0x26, 0x08, 
	0x03, 0x08, 0x13, 0x00, 0x00, 0x00, 0x00, 0x00, 
	0x00, 0x00, 0x00, 0x00, 0x00, 0x28, 0x24, 0x24, 
	0x24, 0x24, 0x12, 0x16, 0x1c, 0x08, 0x0a, 0x35, 
	0x4e, 0x06, 0x10, 0x1c, 0x0b, 0x26, 0x08, 0x08, 
	0x08, 0x20, 0x13, 0x00, 0x00, 0x00, 0x00, 0x00, 
	0x00, 0x00, 0x00, 0x00, 0x00, 0x00, 0x24, 0x24, 
	0x24, 0x24, 0x1f, 0x27, 0x17, 0x1e, 0x08, 0x0a, 
	0x1f, 0x29, 0x1f, 0x15, 0x17, 0x08, 0x08, 0x08, 
	0x16, 0x13, 0x13, 0x00, 0x00, 0x00, 0x00, 0x00, 
	0x00, 0x00, 0x00, 0x00, 0x00, 0x00, 0x00, 0x24, 
	0x24, 0x24, 0x24, 0x24, 0x1f, 0x27, 0x17, 0x08, 
	0x08, 0x08, 0x08, 0x08, 0x08, 0x08, 0x10, 0x12, 
	0x4f, 0x00, 0x00, 0x00, 0x00, 0x00, 0x00, 0x00, 
	0x00, 0x00, 0x00, 0x00, 0x00, 0x00, 0x00, 0x00, 
	0x24, 0x24, 0x24, 0x24, 0x24, 0x24, 0x24, 0x29, 
	0x27, 0x1e, 0x10, 0x10, 0x23, 0x27, 0x24, 0x4f, 
	0x00, 0x00, 0x00, 0x00, 0x00, 0x00, 0x00, 0x00, 
	0x00, 0x00, 0x00, 0x00, 0x00, 0x00, 0x00, 0x00, 
	0x00, 0x28, 0x24, 0x24, 0x24, 0x24, 0x24, 0x24, 
	0x24, 0x24, 0x24, 0x24, 0x24, 0x28, 0x00, 0x00, 
	0x00, 0x00, 0x00, 0x00, 0x00, 0x00, 0x00, 0x00, 
	0x00, 0x00, 0x00, 0x00, 0x00, 0x00, 0x00, 0x00, 
	0x00, 0x00, 0x00, 0x00, 0x00, 0x00, 0x00, 0x00, 
	0x00, 0x00, 0x00, 0x00, 0x00, 0x00, 0x00, 0x00, 
	0x00, 0x00, 0x00, 0x00, 0x00, 0x00, 0x00, 0x00, 
	
};

Texture boo_coin_Boo_Coins_Joyous3_pal_rgba16[] = {
	0x00, 0x00, 0xd6, 0xb4, 0xde, 0xf6, 0xde, 0xf7, 
	0xe7, 0x39, 0xf7, 0xbd, 0xff, 0xff, 0xff, 0xfe, 
	0xd6, 0xb5, 0xc6, 0x30, 0xce, 0x73, 0x94, 0xa5, 
	0xc6, 0x31, 0xa5, 0x28, 0xbd, 0xef, 0x94, 0xa4, 
	0xb5, 0xad, 0xad, 0x6b, 0x52, 0x95, 0x84, 0x20, 
	0xa5, 0x29, 0x18, 0xc7, 0x63, 0x19, 0x5a, 0xd7, 
	0xef, 0x7b, 0x00, 0x01, 0x10, 0x85, 0x9c, 0xe7, 
	0x84, 0x21, 0x08, 0x43, 0x8c, 0x63, 0x39, 0xcf, 
	0x6b, 0x5b, 0xe7, 0x38, 0x5a, 0xd6, 0x7b, 0xdf, 
	0x31, 0x8d, 0x73, 0x9d, 0x21, 0x09, 0x4a, 0x53, 
	0x31, 0x8c, 0x42, 0x11, 0x10, 0x01, 0x40, 0x01, 
	0x50, 0x01, 0x18, 0x85, 0x58, 0x01, 0x60, 0x01, 
	0x08, 0x01, 0x20, 0x01, 0x68, 0x01, 0x30, 0x01, 
	0x48, 0x43, 0x10, 0x43, 0x88, 0x01, 0x78, 0x01, 
	0x41, 0xcf, 0x90, 0x01, 0x10, 0x45, 0x29, 0x8d, 
	0xa8, 0x01, 0x20, 0x03, 0xad, 0x6a, 0x18, 0x43, 
	0xb8, 0x01, 0xb0, 0x01, 0x98, 0x01, 0x10, 0x03, 
	0x70, 0x01, 0x08, 0x45, 0x00, 0x03, 0xd0, 0x01, 
	0x29, 0x4d, 0x28, 0x85, 0xd8, 0x01, 0x28, 0x03, 
	0x52, 0x11, 0x20, 0x43, 0x29, 0x09, 0x42, 0x10, 
	
};

Texture boo_coin_Boo_Coins_Side_ia8[] = {
	0x00, 0x00, 0x00, 0x00, 0x00, 0x00, 0x00, 0x00, 
	0x00, 0x00, 0x00, 0x00, 0x00, 0x00, 0xef, 0xef, 
	0xef, 0x00, 0x00, 0x00, 0x00, 0x00, 0x00, 0x00, 
	0x00, 0x00, 0x00, 0x00, 0x00, 0x00, 0x00, 0x00, 
	0x00, 0x00, 0x00, 0x00, 0x00, 0x00, 0x00, 0x00, 
	0x00, 0x00, 0x00, 0x00, 0x00, 0xc0, 0xff, 0xff, 
	0xff, 0xdf, 0x00, 0x00, 0x00, 0x00, 0x00, 0x00, 
	0x00, 0x00, 0x00, 0x00, 0x00, 0x00, 0x00, 0x00, 
	0x00, 0x00, 0x00, 0x00, 0x00, 0x00, 0x00, 0x00, 
	0x00, 0x00, 0x00, 0x00, 0xb0, 0xdf, 0xff, 0xff, 
	0xff, 0xdf, 0x00, 0x00, 0x00, 0x00, 0x00, 0x00, 
	0x00, 0x00, 0x00, 0x00, 0x00, 0x00, 0x00, 0x00, 
	0x00, 0x00, 0x00, 0x00, 0x00, 0x00, 0x00, 0x00, 
	0x00, 0x00, 0x00, 0x00, 0x8f, 0xdf, 0xff, 0xff, 
	0xff, 0xdf, 0x00, 0x00, 0x00, 0x00, 0x00, 0x00, 
	0x00, 0x00, 0x00, 0x00, 0x00, 0x00, 0x00, 0x00, 
	0x00, 0x00, 0x00, 0x00, 0x00, 0x00, 0x00, 0x00, 
	0x00, 0x00, 0x00, 0x00, 0x8f, 0xdf, 0xff, 0xff, 
	0xff, 0xdf, 0x00, 0x00, 0x00, 0x00, 0x00, 0x00, 
	0x00, 0x00, 0x00, 0x00, 0x00, 0x00, 0x00, 0x00, 
	0x00, 0x00, 0x00, 0x00, 0x00, 0x00, 0x00, 0x00, 
	0x00, 0x00, 0x00, 0x00, 0x8f, 0xdf, 0xff, 0xff, 
	0xff, 0xdf, 0x00, 0x00, 0x00, 0x00, 0x00, 0x00, 
	0x00, 0x00, 0x00, 0x00, 0x00, 0x00, 0x00, 0x00, 
	0x00, 0x00, 0x00, 0x00, 0x00, 0x00, 0x00, 0x00, 
	0x00, 0x00, 0x00, 0x00, 0x8f, 0xdf, 0xff, 0xff, 
	0xff, 0xdf, 0x00, 0x00, 0x00, 0x00, 0x00, 0x00, 
	0x00, 0x00, 0x00, 0x00, 0x00, 0x00, 0x00, 0x00, 
	0x00, 0x00, 0x00, 0x00, 0x00, 0x00, 0x00, 0x00, 
	0x00, 0x00, 0x00, 0x00, 0x8f, 0xdf, 0xff, 0xff, 
	0xff, 0xdf, 0x00, 0x00, 0x00, 0x00, 0x00, 0x00, 
	0x00, 0x00, 0x00, 0x00, 0x00, 0x00, 0x00, 0x00, 
	0x00, 0x00, 0x00, 0x00, 0x00, 0x00, 0x00, 0x00, 
	0x00, 0x00, 0x00, 0x00, 0x8f, 0xdf, 0xff, 0xff, 
	0xff, 0xdf, 0x00, 0x00, 0x00, 0x00, 0x00, 0x00, 
	0x00, 0x00, 0x00, 0x00, 0x00, 0x00, 0x00, 0x00, 
	0x00, 0x00, 0x00, 0x00, 0x00, 0x00, 0x00, 0x00, 
	0x00, 0x00, 0x00, 0x00, 0x8f, 0xcf, 0xff, 0xff, 
	0xff, 0xdf, 0x00, 0x00, 0x00, 0x00, 0x00, 0x00, 
	0x00, 0x00, 0x00, 0x00, 0x00, 0x00, 0x00, 0x00, 
	0x00, 0x00, 0x00, 0x00, 0x00, 0x00, 0x00, 0x00, 
	0x00, 0x00, 0x00, 0x00, 0x8f, 0xcf, 0xff, 0xff, 
	0xff, 0xcf, 0x00, 0x00, 0x00, 0x00, 0x00, 0x00, 
	0x00, 0x00, 0x00, 0x00, 0x00, 0x00, 0x00, 0x00, 
	0x00, 0x00, 0x00, 0x00, 0x00, 0x00, 0x00, 0x00, 
	0x00, 0x00, 0x00, 0x00, 0x8f, 0xcf, 0xff, 0xff, 
	0xff, 0xcf, 0x00, 0x00, 0x00, 0x00, 0x00, 0x00, 
	0x00, 0x00, 0x00, 0x00, 0x00, 0x00, 0x00, 0x00, 
	0x00, 0x00, 0x00, 0x00, 0x00, 0x00, 0x00, 0x00, 
	0x00, 0x00, 0x00, 0x00, 0x7f, 0xcf, 0xff, 0xff, 
	0xff, 0xcf, 0x00, 0x00, 0x00, 0x00, 0x00, 0x00, 
	0x00, 0x00, 0x00, 0x00, 0x00, 0x00, 0x00, 0x00, 
	0x00, 0x00, 0x00, 0x00, 0x00, 0x00, 0x00, 0x00, 
	0x00, 0x00, 0x00, 0x00, 0x7f, 0xbf, 0xef, 0xff, 
	0xff, 0xbf, 0x00, 0x00, 0x00, 0x00, 0x00, 0x00, 
	0x00, 0x00, 0x00, 0x00, 0x00, 0x00, 0x00, 0x00, 
	0x00, 0x00, 0x00, 0x00, 0x00, 0x00, 0x00, 0x00, 
	0x00, 0x00, 0x00, 0x00, 0x7f, 0xbf, 0xdf, 0xef, 
	0xef, 0xbf, 0x00, 0x00, 0x00, 0x00, 0x00, 0x00, 
	0x00, 0x00, 0x00, 0x00, 0x00, 0x00, 0x00, 0x00, 
	0x00, 0x00, 0x00, 0x00, 0x00, 0x00, 0x00, 0x00, 
	0x00, 0x00, 0x00, 0x00, 0x7f, 0xbf, 0xcf, 0xdf, 
	0xdf, 0xbf, 0x00, 0x00, 0x00, 0x00, 0x00, 0x00, 
	0x00, 0x00, 0x00, 0x00, 0x00, 0x00, 0x00, 0x00, 
	0x00, 0x00, 0x00, 0x00, 0x00, 0x00, 0x00, 0x00, 
	0x00, 0x00, 0x00, 0x00, 0x7f, 0xaf, 0xcf, 0xcf, 
	0xcf, 0xaf, 0x00, 0x00, 0x00, 0x00, 0x00, 0x00, 
	0x00, 0x00, 0x00, 0x00, 0x00, 0x00, 0x00, 0x00, 
	0x00, 0x00, 0x00, 0x00, 0x00, 0x00, 0x00, 0x00, 
	0x00, 0x00, 0x00, 0x00, 0x6f, 0xaf, 0xbf, 0xcf, 
	0xcf, 0xaf, 0x00, 0x00, 0x00, 0x00, 0x00, 0x00, 
	0x00, 0x00, 0x00, 0x00, 0x00, 0x00, 0x00, 0x00, 
	0x00, 0x00, 0x00, 0x00, 0x00, 0x00, 0x00, 0x00, 
	0x00, 0x00, 0x00, 0x00, 0x6f, 0x9f, 0xbf, 0xbf, 
	0xbf, 0x9f, 0x00, 0x00, 0x00, 0x00, 0x00, 0x00, 
	0x00, 0x00, 0x00, 0x00, 0x00, 0x00, 0x00, 0x00, 
	0x00, 0x00, 0x00, 0x00, 0x00, 0x00, 0x00, 0x00, 
	0x00, 0x00, 0x00, 0x00, 0x6f, 0x9f, 0xaf, 0xaf, 
	0xaf, 0x9f, 0x00, 0x00, 0x00, 0x00, 0x00, 0x00, 
	0x00, 0x00, 0x00, 0x00, 0x00, 0x00, 0x00, 0x00, 
	0x00, 0x00, 0x00, 0x00, 0x00, 0x00, 0x00, 0x00, 
	0x00, 0x00, 0x00, 0x00, 0x5f, 0x8f, 0x9f, 0x9f, 
	0x9f, 0x8f, 0x00, 0x00, 0x00, 0x00, 0x00, 0x00, 
	0x00, 0x00, 0x00, 0x00, 0x00, 0x00, 0x00, 0x00, 
	0x00, 0x00, 0x00, 0x00, 0x00, 0x00, 0x00, 0x00, 
	0x00, 0x00, 0x00, 0x00, 0x5f, 0x7f, 0x8f, 0x8f, 
	0x8f, 0x7f, 0x00, 0x00, 0x00, 0x00, 0x00, 0x00, 
	0x00, 0x00, 0x00, 0x00, 0x00, 0x00, 0x00, 0x00, 
	0x00, 0x00, 0x00, 0x00, 0x00, 0x00, 0x00, 0x00, 
	0x00, 0x00, 0x00, 0x00, 0x4f, 0x6f, 0x7f, 0x7f, 
	0x7f, 0x6f, 0x00, 0x00, 0x00, 0x00, 0x00, 0x00, 
	0x00, 0x00, 0x00, 0x00, 0x00, 0x00, 0x00, 0x00, 
	0x00, 0x00, 0x00, 0x00, 0x00, 0x00, 0x00, 0x00, 
	0x00, 0x00, 0x00, 0x00, 0x3f, 0x5f, 0x6f, 0x6f, 
	0x6f, 0x5f, 0x00, 0x00, 0x00, 0x00, 0x00, 0x00, 
	0x00, 0x00, 0x00, 0x00, 0x00, 0x00, 0x00, 0x00, 
	0x00, 0x00, 0x00, 0x00, 0x00, 0x00, 0x00, 0x00, 
	0x00, 0x00, 0x00, 0x00, 0x3f, 0x3f, 0x4f, 0x4f, 
	0x4f, 0x3f, 0x00, 0x00, 0x00, 0x00, 0x00, 0x00, 
	0x00, 0x00, 0x00, 0x00, 0x00, 0x00, 0x00, 0x00, 
	0x00, 0x00, 0x00, 0x00, 0x00, 0x00, 0x00, 0x00, 
	0x00, 0x00, 0x00, 0x00, 0x3f, 0x3f, 0x3f, 0x3f, 
	0x3f, 0x3f, 0x00, 0x00, 0x00, 0x00, 0x00, 0x00, 
	0x00, 0x00, 0x00, 0x00, 0x00, 0x00, 0x00, 0x00, 
	0x00, 0x00, 0x00, 0x00, 0x00, 0x00, 0x00, 0x00, 
	0x00, 0x00, 0x00, 0x00, 0x3f, 0x3f, 0x3f, 0x3f, 
	0x3f, 0x3f, 0x00, 0x00, 0x00, 0x00, 0x00, 0x00, 
	0x00, 0x00, 0x00, 0x00, 0x00, 0x00, 0x00, 0x00, 
	0x00, 0x00, 0x00, 0x00, 0x00, 0x00, 0x00, 0x00, 
	0x00, 0x00, 0x00, 0x00, 0x3f, 0x3f, 0x3f, 0x3f, 
	0x3f, 0x3f, 0x00, 0x00, 0x00, 0x00, 0x00, 0x00, 
	0x00, 0x00, 0x00, 0x00, 0x00, 0x00, 0x00, 0x00, 
	0x00, 0x00, 0x00, 0x00, 0x00, 0x00, 0x00, 0x00, 
	0x00, 0x00, 0x00, 0x00, 0x3f, 0x3f, 0x3f, 0x3f, 
	0x3f, 0x3f, 0x00, 0x00, 0x00, 0x00, 0x00, 0x00, 
	0x00, 0x00, 0x00, 0x00, 0x00, 0x00, 0x00, 0x00, 
	0x00, 0x00, 0x00, 0x00, 0x00, 0x00, 0x00, 0x00, 
	0x00, 0x00, 0x00, 0x00, 0x3f, 0x3f, 0x3f, 0x3f, 
	0x3f, 0x3f, 0x00, 0x00, 0x00, 0x00, 0x00, 0x00, 
	0x00, 0x00, 0x00, 0x00, 0x00, 0x00, 0x00, 0x00, 
	0x00, 0x00, 0x00, 0x00, 0x00, 0x00, 0x00, 0x00, 
	0x00, 0x00, 0x00, 0x00, 0x00, 0x3f, 0x3f, 0x3f, 
	0x3f, 0x3f, 0x00, 0x00, 0x00, 0x00, 0x00, 0x00, 
	0x00, 0x00, 0x00, 0x00, 0x00, 0x00, 0x00, 0x00, 
	0x00, 0x00, 0x00, 0x00, 0x00, 0x00, 0x00, 0x00, 
	0x00, 0x00, 0x00, 0x00, 0x00, 0x00, 0x00, 0x00, 
	0x00, 0x00, 0x00, 0x00, 0x00, 0x00, 0x00, 0x00, 
	0x00, 0x00, 0x00, 0x00, 0x00, 0x00, 0x00, 0x00, 
	
};

Texture boo_coin_Boo_Coins_Smug1_ia8[] = {
	0x00, 0x00, 0x00, 0x00, 0x00, 0x00, 0x00, 0x00, 
	0x00, 0x00, 0x00, 0xe0, 0xe0, 0xff, 0xff, 0xff, 
	0xff, 0xff, 0xff, 0xf0, 0x00, 0x00, 0x00, 0x00, 
	0x00, 0x00, 0x00, 0x00, 0x00, 0x00, 0x00, 0x00, 
	0x00, 0x00, 0x00, 0x00, 0x00, 0x00, 0x00, 0x00, 
	0x00, 0x00, 0xdf, 0xdf, 0xef, 0xef, 0xef, 0xff, 
	0xff, 0xff, 0xff, 0xff, 0xff, 0xf0, 0x00, 0x00, 
	0x00, 0x00, 0x00, 0x00, 0x00, 0x00, 0x00, 0x00, 
	0x00, 0x00, 0x00, 0x00, 0x00, 0x00, 0x00, 0x00, 
	0xc0, 0xdf, 0xdf, 0xdf, 0xdf, 0xef, 0xef, 0xef, 
	0xff, 0xff, 0xff, 0xff, 0xff, 0xff, 0xff, 0x00, 
	0x00, 0x00, 0x00, 0x00, 0x00, 0x00, 0x00, 0x00, 
	0x00, 0x00, 0x00, 0x00, 0x00, 0x00, 0x00, 0xcf, 
	0xcf, 0x9f, 0x9f, 0x9f, 0x9f, 0x9f, 0x9f, 0xcf, 
	0xff, 0xff, 0xff, 0xff, 0xff, 0xff, 0xff, 0xff, 
	0x00, 0x00, 0x00, 0x00, 0x00, 0x00, 0x00, 0x00, 
	0x00, 0x00, 0x00, 0x00, 0x00, 0x00, 0xb0, 0xbf, 
	0x9f, 0x9f, 0x9f, 0x9f, 0x9f, 0x9f, 0x9f, 0x9f, 
	0x9f, 0xef, 0xff, 0xff, 0xff, 0xff, 0xff, 0xff, 
	0xff, 0x00, 0x00, 0x00, 0x00, 0x00, 0x00, 0x00, 
	0x00, 0x00, 0x00, 0x00, 0x00, 0xa0, 0xaf, 0x8f, 
	0x9f, 0x9f, 0x9f, 0x9f, 0x9f, 0x9f, 0x9f, 0x9f, 
	0x9f, 0x9f, 0xef, 0xff, 0xff, 0xff, 0xff, 0xff, 
	0xff, 0xe0, 0x00, 0x00, 0x00, 0x00, 0x00, 0x00, 
	0x00, 0x00, 0x00, 0x00, 0x00, 0xaf, 0x8f, 0x8f, 
	0x9f, 0x9f, 0x9f, 0x9f, 0x9f, 0x9f, 0x8f, 0x8f, 
	0x8f, 0x9f, 0x9f, 0xff, 0xff, 0xff, 0xff, 0xff, 
	0xef, 0xef, 0x00, 0x00, 0x00, 0x00, 0x00, 0x00, 
	0x00, 0x00, 0x00, 0x00, 0x90, 0x8f, 0x0f, 0x1f, 
	0x8f, 0x8f, 0x8f, 0x8f, 0x8f, 0x8f, 0x3f, 0x1f, 
	0x3f, 0x8f, 0x9f, 0x9f, 0xff, 0xff, 0xff, 0xef, 
	0xef, 0xef, 0xdf, 0x00, 0x00, 0x00, 0x00, 0x00, 
	0x00, 0x00, 0x00, 0x00, 0x9f, 0x8f, 0x7f, 0x8f, 
	0x0f, 0x8f, 0x5f, 0x0f, 0x8f, 0x5f, 0x2f, 0x8f, 
	0x6f, 0x8f, 0x8f, 0x9f, 0xef, 0xff, 0xff, 0xef, 
	0xef, 0xef, 0xef, 0x00, 0x00, 0x00, 0x00, 0x00, 
	0x00, 0x00, 0x00, 0x00, 0x8f, 0x8f, 0x8f, 0x8f, 
	0x1f, 0x5f, 0x1f, 0x0f, 0x5f, 0x0f, 0x6f, 0x8f, 
	0x8f, 0x8f, 0x8f, 0x8f, 0x9f, 0xff, 0xff, 0xff, 
	0xef, 0xdf, 0xdf, 0xc0, 0x00, 0x00, 0x00, 0x00, 
	0x00, 0x00, 0x00, 0x70, 0x8f, 0x8f, 0x8f, 0x8f, 
	0x5f, 0x4f, 0x0f, 0x5f, 0x4f, 0x0f, 0x8f, 0x8f, 
	0x8f, 0x8f, 0x8f, 0x8f, 0x9f, 0xef, 0xff, 0xff, 
	0xdf, 0xdf, 0xdf, 0xdf, 0x00, 0x00, 0x00, 0x00, 
	0x00, 0x00, 0x00, 0x7f, 0x8f, 0x8f, 0x8f, 0x8f, 
	0x6f, 0x7f, 0x0f, 0x6f, 0x7f, 0x1f, 0x8f, 0x8f, 
	0x8f, 0x8f, 0x8f, 0x8f, 0x8f, 0xcf, 0xef, 0xef, 
	0xdf, 0xdf, 0xcf, 0xcf, 0x00, 0x00, 0x00, 0x00, 
	0x00, 0x00, 0x00, 0x8f, 0x8f, 0x8f, 0x8f, 0x8f, 
	0x6f, 0x7f, 0x2f, 0x6f, 0x7f, 0x2f, 0x8f, 0x8f, 
	0x8f, 0x8f, 0x8f, 0x8f, 0x8f, 0x9f, 0xdf, 0xdf, 
	0xcf, 0xcf, 0xcf, 0xcf, 0x00, 0x00, 0x00, 0x00, 
	0x00, 0x00, 0x50, 0x8f, 0x8f, 0x8f, 0x8f, 0x8f, 
	0x6f, 0x7f, 0x2f, 0x6f, 0x7f, 0x2f, 0x8f, 0x8f, 
	0x8f, 0x8f, 0x8f, 0x8f, 0x8f, 0x8f, 0xcf, 0xcf, 
	0xcf, 0xcf, 0xcf, 0xbf, 0x00, 0x00, 0x00, 0x00, 
	0x00, 0x00, 0x70, 0x8f, 0x8f, 0x3f, 0x5f, 0x8f, 
	0x4f, 0x8f, 0x0f, 0x6f, 0x7f, 0x0f, 0x6f, 0x8f, 
	0x8f, 0x5f, 0x3f, 0x8f, 0x8f, 0x8f, 0xcf, 0xcf, 
	0xcf, 0xbf, 0xbf, 0xbf, 0x00, 0x00, 0x00, 0x00, 
	0x00, 0x00, 0x4f, 0x8f, 0x8f, 0x8f, 0x0f, 0x8f, 
	0x5f, 0x3f, 0x1f, 0x8f, 0x4f, 0x0f, 0x7f, 0x8f, 
	0x8f, 0x0f, 0x8f, 0x8f, 0x8f, 0x8f, 0xbf, 0xbf, 
	0xbf, 0xbf, 0xaf, 0xaf, 0x00, 0x00, 0x00, 0x00, 
	0x00, 0x00, 0x4f, 0x8f, 0x8f, 0x8f, 0x2f, 0x6f, 
	0x8f, 0x2f, 0x6f, 0x8f, 0x2f, 0x5f, 0x8f, 0x8f, 
	0x6f, 0x2f, 0x8f, 0x8f, 0x8f, 0x8f, 0xaf, 0xbf, 
	0xbf, 0xaf, 0xaf, 0xaf, 0x00, 0x00, 0x00, 0x00, 
	0x00, 0x00, 0x70, 0x8f, 0x8f, 0x8f, 0x2f, 0x2f, 
	0x8f, 0x7f, 0x7f, 0x8f, 0x6f, 0x8f, 0x8f, 0x7f, 
	0x1f, 0x3f, 0x8f, 0x8f, 0x8f, 0x8f, 0xaf, 0xaf, 
	0xaf, 0x9f, 0x9f, 0x9f, 0x00, 0x00, 0x00, 0x00, 
	0x00, 0x00, 0x40, 0x7f, 0x8f, 0x8f, 0x2f, 0x0f, 
	0x8f, 0x8f, 0x8f, 0x8f, 0x8f, 0x8f, 0x8f, 0x3f, 
	0x0f, 0x3f, 0x8f, 0x8f, 0x8f, 0x8f, 0x9f, 0x9f, 
	0x9f, 0x8f, 0x8f, 0x8f, 0x00, 0x00, 0x00, 0x00, 
	0x00, 0x00, 0x30, 0x7f, 0x7f, 0x7f, 0x0f, 0x0f, 
	0x7f, 0x7f, 0x7f, 0x7f, 0x7f, 0x7f, 0x5f, 0x1f, 
	0x0f, 0x1f, 0x7f, 0x7f, 0x7f, 0x8f, 0x9f, 0x9f, 
	0x8f, 0x7f, 0x7f, 0x7f, 0x00, 0x00, 0x00, 0x00, 
	0x00, 0x00, 0x00, 0x7f, 0x7f, 0x7f, 0x0f, 0x2f, 
	0x6f, 0x7f, 0x7f, 0x7f, 0x7f, 0x7f, 0x1f, 0x8f, 
	0x0f, 0x0f, 0x7f, 0x7f, 0x7f, 0x8f, 0x8f, 0x8f, 
	0x6f, 0x6f, 0x6f, 0x6f, 0x00, 0x00, 0x00, 0x00, 
	0x00, 0x00, 0x00, 0x3f, 0x7f, 0x7f, 0x5f, 0x3f, 
	0x3f, 0x7f, 0x7f, 0x7f, 0x7f, 0x4f, 0x5f, 0x6f, 
	0x1f, 0x7f, 0x7f, 0x7f, 0x8f, 0x7f, 0x7f, 0x7f, 
	0x5f, 0x4f, 0x4f, 0x4f, 0x00, 0x00, 0x00, 0x00, 
	0x00, 0x00, 0x00, 0x30, 0x7f, 0x7f, 0x5f, 0x5f, 
	0x1f, 0x7f, 0x7f, 0x7f, 0x7f, 0x0f, 0x3f, 0x5f, 
	0x1f, 0x7f, 0x7f, 0x7f, 0x8f, 0x6f, 0x6f, 0x5f, 
	0x3f, 0x3f, 0x3f, 0x30, 0x00, 0x00, 0x00, 0x00, 
	0x00, 0x00, 0x00, 0x00, 0x5f, 0x7f, 0x6f, 0x2f, 
	0x0f, 0x6f, 0x7f, 0x7f, 0x3f, 0x1f, 0x7f, 0x4f, 
	0x2f, 0x7f, 0x7f, 0x7f, 0x6f, 0x5f, 0x5f, 0x3f, 
	0x3f, 0x3f, 0x3f, 0x00, 0x00, 0x00, 0x00, 0x00, 
	0x00, 0x00, 0x00, 0x00, 0x30, 0x7f, 0x7f, 0x7f, 
	0x4f, 0x0f, 0x2f, 0x0f, 0x0f, 0x7f, 0x7f, 0x7f, 
	0x7f, 0x7f, 0x7f, 0x7f, 0x3f, 0x3f, 0x3f, 0x3f, 
	0x3f, 0x3f, 0x3f, 0x00, 0x00, 0x00, 0x00, 0x00, 
	0x00, 0x00, 0x00, 0x00, 0x00, 0x3f, 0x7f, 0x7f, 
	0x7f, 0x2f, 0x0f, 0x1f, 0x7f, 0x7f, 0x7f, 0x7f, 
	0x7f, 0x7f, 0x7f, 0x3f, 0x3f, 0x3f, 0x3f, 0x3f, 
	0x3f, 0x3f, 0x30, 0x00, 0x00, 0x00, 0x00, 0x00, 
	0x00, 0x00, 0x00, 0x00, 0x00, 0x30, 0x6f, 0x7f, 
	0x7f, 0x7f, 0x7f, 0x7f, 0x7f, 0x7f, 0x7f, 0x7f, 
	0x7f, 0x7f, 0x4f, 0x3f, 0x3f, 0x3f, 0x3f, 0x3f, 
	0x3f, 0x3f, 0x00, 0x00, 0x00, 0x00, 0x00, 0x00, 
	0x00, 0x00, 0x00, 0x00, 0x00, 0x00, 0x3f, 0x5f, 
	0x7f, 0x7f, 0x7f, 0x7f, 0x7f, 0x7f, 0x7f, 0x7f, 
	0x7f, 0x3f, 0x3f, 0x3f, 0x3f, 0x3f, 0x3f, 0x3f, 
	0x3f, 0x00, 0x00, 0x00, 0x00, 0x00, 0x00, 0x00, 
	0x00, 0x00, 0x00, 0x00, 0x00, 0x00, 0x00, 0x3f, 
	0x3f, 0x7f, 0x7f, 0x7f, 0x7f, 0x7f, 0x7f, 0x6f, 
	0x3f, 0x3f, 0x3f, 0x3f, 0x3f, 0x3f, 0x3f, 0x3f, 
	0x30, 0x00, 0x00, 0x00, 0x00, 0x00, 0x00, 0x00, 
	0x00, 0x00, 0x00, 0x00, 0x00, 0x00, 0x00, 0x00, 
	0x3f, 0x3f, 0x3f, 0x3f, 0x3f, 0x3f, 0x3f, 0x3f, 
	0x3f, 0x3f, 0x3f, 0x3f, 0x3f, 0x3f, 0x3f, 0x40, 
	0x00, 0x00, 0x00, 0x00, 0x00, 0x00, 0x00, 0x00, 
	0x00, 0x00, 0x00, 0x00, 0x00, 0x00, 0x00, 0x00, 
	0x00, 0x30, 0x3f, 0x3f, 0x3f, 0x3f, 0x3f, 0x3f, 
	0x3f, 0x3f, 0x3f, 0x3f, 0x3f, 0x30, 0x00, 0x00, 
	0x00, 0x00, 0x00, 0x00, 0x00, 0x00, 0x00, 0x00, 
	0x00, 0x00, 0x00, 0x00, 0x00, 0x00, 0x00, 0x00, 
	0x00, 0x00, 0x00, 0x00, 0x00, 0x00, 0x00, 0x00, 
	0x00, 0x00, 0x00, 0x00, 0x00, 0x00, 0x00, 0x00, 
	0x00, 0x00, 0x00, 0x00, 0x00, 0x00, 0x00, 0x00, 
	
};

Texture boo_coin_Boo_Coins_Smug2_ia8[] = {
	0x00, 0x00, 0x00, 0x00, 0x00, 0x00, 0x00, 0x00, 
	0x00, 0x00, 0x00, 0x00, 0x00, 0xe0, 0xf0, 0xef, 
	0xef, 0xff, 0xf0, 0x00, 0x00, 0x00, 0x00, 0x00, 
	0x00, 0x00, 0x00, 0x00, 0x00, 0x00, 0x00, 0x00, 
	0x00, 0x00, 0x00, 0x00, 0x00, 0x00, 0x00, 0x00, 
	0x00, 0x00, 0xd0, 0xef, 0xff, 0xff, 0xff, 0xff, 
	0xff, 0xff, 0xff, 0xff, 0xff, 0xf0, 0x00, 0x00, 
	0x00, 0x00, 0x00, 0x00, 0x00, 0x00, 0x00, 0x00, 
	0x00, 0x00, 0x00, 0x00, 0x00, 0x00, 0x00, 0x00, 
	0xd0, 0xef, 0xef, 0xff, 0xff, 0xff, 0xff, 0xff, 
	0xff, 0xff, 0xff, 0xff, 0xff, 0xff, 0xff, 0xf0, 
	0x00, 0x00, 0x00, 0x00, 0x00, 0x00, 0x00, 0x00, 
	0x00, 0x00, 0x00, 0x00, 0x00, 0x00, 0x00, 0xdf, 
	0xef, 0xef, 0xef, 0xff, 0xdf, 0xdf, 0xdf, 0xdf, 
	0xdf, 0xdf, 0xdf, 0xef, 0xff, 0xff, 0xff, 0xff, 
	0xff, 0xf0, 0x00, 0x00, 0x00, 0x00, 0x00, 0x00, 
	0x00, 0x00, 0x00, 0x00, 0x00, 0xb0, 0xdf, 0xdf, 
	0xef, 0xef, 0xdf, 0xdf, 0xdf, 0xdf, 0xdf, 0xdf, 
	0xdf, 0xdf, 0xdf, 0xdf, 0xef, 0xef, 0xef, 0xff, 
	0xff, 0xff, 0xf0, 0x00, 0x00, 0x00, 0x00, 0x00, 
	0x00, 0x00, 0x00, 0x00, 0xa0, 0xcf, 0xdf, 0xdf, 
	0xdf, 0xdf, 0xdf, 0xdf, 0xdf, 0xdf, 0xdf, 0xdf, 
	0xdf, 0xdf, 0xdf, 0xdf, 0xdf, 0xdf, 0xef, 0xdf, 
	0xff, 0xff, 0xff, 0xe0, 0x00, 0x00, 0x00, 0x00, 
	0x00, 0x00, 0x00, 0x00, 0xcf, 0xcf, 0xdf, 0xdf, 
	0xdf, 0xdf, 0xdf, 0xdf, 0xdf, 0xdf, 0xdf, 0xdf, 
	0xdf, 0xdf, 0xdf, 0xdf, 0xdf, 0xdf, 0xdf, 0xdf, 
	0xdf, 0xff, 0xff, 0xff, 0xe0, 0x00, 0x00, 0x00, 
	0x00, 0x00, 0x00, 0xaf, 0xcf, 0xcf, 0xdf, 0xdf, 
	0x3f, 0x2f, 0x1f, 0x8f, 0xdf, 0xdf, 0xdf, 0xaf, 
	0xaf, 0xdf, 0xdf, 0xdf, 0x8f, 0x1f, 0x1f, 0x3f, 
	0xdf, 0xdf, 0xff, 0xff, 0xff, 0x00, 0x00, 0x00, 
	0x00, 0x00, 0x90, 0xbf, 0xcf, 0xdf, 0xdf, 0xdf, 
	0x9f, 0xdf, 0xcf, 0x0f, 0xcf, 0xdf, 0xdf, 0x0f, 
	0x1f, 0xdf, 0xdf, 0xcf, 0x0f, 0xcf, 0xdf, 0xaf, 
	0xdf, 0xdf, 0xdf, 0xff, 0xff, 0xdf, 0x00, 0x00, 
	0x00, 0x00, 0xaf, 0xbf, 0xcf, 0xdf, 0xdf, 0xdf, 
	0xdf, 0xdf, 0xdf, 0x5f, 0x1f, 0xcf, 0x5f, 0x1f, 
	0x1f, 0x5f, 0xcf, 0x1f, 0x6f, 0xdf, 0xdf, 0xdf, 
	0xdf, 0xdf, 0xdf, 0xdf, 0xff, 0xef, 0x00, 0x00, 
	0x00, 0x60, 0xaf, 0xbf, 0xdf, 0xdf, 0xdf, 0xdf, 
	0xdf, 0xdf, 0xdf, 0x5f, 0x7f, 0x9f, 0x2f, 0xdf, 
	0xdf, 0x2f, 0xaf, 0x6f, 0x6f, 0xdf, 0xdf, 0xdf, 
	0xdf, 0xdf, 0xdf, 0xdf, 0xff, 0xef, 0xe0, 0x00, 
	0x00, 0x6f, 0xaf, 0xbf, 0xdf, 0xcf, 0xdf, 0xdf, 
	0xdf, 0xdf, 0xcf, 0x2f, 0xff, 0xff, 0x2f, 0xdf, 
	0xdf, 0x2f, 0xff, 0xff, 0x1f, 0xdf, 0xdf, 0xdf, 
	0xdf, 0xdf, 0xdf, 0xdf, 0xdf, 0xef, 0xef, 0x00, 
	0x00, 0x9f, 0xaf, 0xcf, 0xcf, 0xcf, 0xcf, 0xcf, 
	0xdf, 0xdf, 0xaf, 0x6f, 0xff, 0xff, 0x2f, 0xdf, 
	0xdf, 0x2f, 0xff, 0xff, 0x4f, 0xaf, 0xdf, 0xdf, 
	0xdf, 0xdf, 0xdf, 0xdf, 0xdf, 0xef, 0xef, 0x00, 
	0x40, 0x8f, 0x9f, 0xcf, 0xcf, 0xcf, 0xcf, 0xcf, 
	0xcf, 0xcf, 0x9f, 0xbf, 0xff, 0xff, 0x2f, 0xdf, 
	0xdf, 0x2f, 0xff, 0xff, 0xbf, 0xaf, 0xdf, 0xdf, 
	0xdf, 0xdf, 0xdf, 0xdf, 0xdf, 0xef, 0xdf, 0x00, 
	0x60, 0x8f, 0x9f, 0xcf, 0xcf, 0x6f, 0x5f, 0xcf, 
	0xcf, 0xaf, 0x9f, 0x5f, 0xff, 0xef, 0x4f, 0xdf, 
	0xdf, 0x3f, 0xef, 0xff, 0x3f, 0x9f, 0xaf, 0xdf, 
	0xdf, 0x6f, 0x7f, 0xdf, 0xdf, 0xef, 0xdf, 0x00, 
	0x3f, 0x8f, 0x9f, 0xcf, 0xcf, 0xcf, 0x0f, 0xcf, 
	0xcf, 0xcf, 0xbf, 0x3f, 0x7f, 0x1f, 0xaf, 0xdf, 
	0xdf, 0xaf, 0x3f, 0x6f, 0x3f, 0xcf, 0xdf, 0xdf, 
	0xcf, 0x0f, 0xdf, 0xdf, 0xdf, 0xdf, 0xdf, 0x00, 
	0x3f, 0x7f, 0x8f, 0xcf, 0xcf, 0xcf, 0x3f, 0xaf, 
	0xcf, 0xcf, 0xcf, 0xcf, 0x8f, 0x0f, 0xcf, 0xdf, 
	0xdf, 0xcf, 0x0f, 0x9f, 0xdf, 0xdf, 0xdf, 0xdf, 
	0x9f, 0x4f, 0xdf, 0xdf, 0xdf, 0xdf, 0xcf, 0x00, 
	0x3f, 0x6f, 0x7f, 0xcf, 0xcf, 0xcf, 0x3f, 0x3f, 
	0xcf, 0xcf, 0xcf, 0xcf, 0xcf, 0xaf, 0xcf, 0xcf, 
	0xcf, 0xcf, 0xaf, 0xdf, 0xdf, 0xdf, 0xdf, 0xdf, 
	0x3f, 0x5f, 0xdf, 0xdf, 0xdf, 0xdf, 0xcf, 0x00, 
	0x30, 0x5f, 0x7f, 0xcf, 0xcf, 0xcf, 0x3f, 0x0f, 
	0x5f, 0xcf, 0xcf, 0xcf, 0xcf, 0xcf, 0xcf, 0xcf, 
	0xcf, 0xcf, 0xcf, 0xdf, 0xdf, 0xdf, 0xdf, 0x5f, 
	0x0f, 0x3f, 0xdf, 0xdf, 0xdf, 0xcf, 0xcf, 0x00, 
	0x00, 0x4f, 0x6f, 0xcf, 0xcf, 0xbf, 0x0f, 0x1f, 
	0x6f, 0x5f, 0xcf, 0xcf, 0xcf, 0xcf, 0xcf, 0xcf, 
	0xcf, 0xcf, 0xcf, 0xcf, 0xcf, 0xdf, 0x5f, 0x7f, 
	0x1f, 0x0f, 0xcf, 0xdf, 0xdf, 0xbf, 0xbf, 0x00, 
	0x00, 0x3f, 0x4f, 0xaf, 0xcf, 0x2f, 0x8f, 0x2f, 
	0xff, 0x1f, 0xbf, 0xcf, 0xcf, 0xcf, 0xcf, 0xcf, 
	0xcf, 0xcf, 0xcf, 0xcf, 0xcf, 0xcf, 0x3f, 0xff, 
	0x2f, 0x8f, 0x2f, 0xdf, 0xdf, 0xbf, 0xbf, 0x00, 
	0x00, 0x30, 0x3f, 0x4f, 0xcf, 0xcf, 0xcf, 0x2f, 
	0xff, 0xef, 0x1f, 0xbf, 0xcf, 0xcf, 0xcf, 0xcf, 
	0xcf, 0xcf, 0xcf, 0xcf, 0xcf, 0x1f, 0xff, 0xff, 
	0x2f, 0xdf, 0xdf, 0xcf, 0xbf, 0xaf, 0x7f, 0x00, 
	0x00, 0x00, 0x3f, 0x3f, 0xbf, 0xcf, 0xcf, 0x1f, 
	0xef, 0xcf, 0x3f, 0x1f, 0xcf, 0xcf, 0xcf, 0xcf, 
	0xcf, 0xcf, 0xcf, 0xcf, 0x1f, 0x4f, 0xcf, 0xef, 
	0x2f, 0xcf, 0xcf, 0xcf, 0xaf, 0xaf, 0x60, 0x00, 
	0x00, 0x00, 0x30, 0x3f, 0x3f, 0xcf, 0xcf, 0x6f, 
	0x3f, 0x9f, 0xbf, 0x5f, 0x0f, 0x9f, 0xcf, 0xcf, 
	0xcf, 0xcf, 0x9f, 0x0f, 0x6f, 0xcf, 0x9f, 0x4f, 
	0x7f, 0xcf, 0xcf, 0xaf, 0x9f, 0x8f, 0x00, 0x00, 
	0x00, 0x00, 0x00, 0x3f, 0x3f, 0x7f, 0xcf, 0xcf, 
	0xcf, 0xcf, 0xcf, 0xcf, 0x5f, 0x0f, 0x1f, 0x3f, 
	0x3f, 0x1f, 0x0f, 0x5f, 0xcf, 0xcf, 0xcf, 0xcf, 
	0xcf, 0xcf, 0xcf, 0x9f, 0x8f, 0x00, 0x00, 0x00, 
	0x00, 0x00, 0x00, 0x30, 0x3f, 0x3f, 0x8f, 0xcf, 
	0xcf, 0xcf, 0xcf, 0xcf, 0xcf, 0x9f, 0x3f, 0x0f, 
	0x0f, 0x3f, 0x9f, 0xcf, 0xcf, 0xcf, 0xcf, 0xcf, 
	0xcf, 0xcf, 0x8f, 0x8f, 0x50, 0x00, 0x00, 0x00, 
	0x00, 0x00, 0x00, 0x00, 0x30, 0x3f, 0x3f, 0x7f, 
	0xcf, 0xcf, 0xcf, 0xcf, 0xcf, 0xcf, 0xcf, 0xcf, 
	0xcf, 0xcf, 0xcf, 0xcf, 0xcf, 0xcf, 0xcf, 0xcf, 
	0xbf, 0x7f, 0x7f, 0x3f, 0x00, 0x00, 0x00, 0x00, 
	0x00, 0x00, 0x00, 0x00, 0x00, 0x30, 0x3f, 0x3f, 
	0x3f, 0xcf, 0xcf, 0xcf, 0xcf, 0xcf, 0xcf, 0xcf, 
	0xcf, 0xcf, 0xcf, 0xcf, 0xcf, 0xcf, 0xcf, 0x8f, 
	0x6f, 0x6f, 0x3f, 0x00, 0x00, 0x00, 0x00, 0x00, 
	0x00, 0x00, 0x00, 0x00, 0x00, 0x00, 0x30, 0x3f, 
	0x3f, 0x3f, 0x3f, 0xbf, 0xcf, 0xcf, 0xcf, 0xcf, 
	0xcf, 0xcf, 0xcf, 0xcf, 0xcf, 0x8f, 0x5f, 0x4f, 
	0x4f, 0x30, 0x00, 0x00, 0x00, 0x00, 0x00, 0x00, 
	0x00, 0x00, 0x00, 0x00, 0x00, 0x00, 0x00, 0x00, 
	0x3f, 0x3f, 0x3f, 0x3f, 0x3f, 0x3f, 0x7f, 0x9f, 
	0x9f, 0x9f, 0x5f, 0x3f, 0x3f, 0x3f, 0x3f, 0x3f, 
	0x00, 0x00, 0x00, 0x00, 0x00, 0x00, 0x00, 0x00, 
	0x00, 0x00, 0x00, 0x00, 0x00, 0x00, 0x00, 0x00, 
	0x00, 0x00, 0x30, 0x3f, 0x3f, 0x3f, 0x3f, 0x3f, 
	0x3f, 0x3f, 0x3f, 0x3f, 0x3f, 0x3f, 0x30, 0x00, 
	0x00, 0x00, 0x00, 0x00, 0x00, 0x00, 0x00, 0x00, 
	0x00, 0x00, 0x00, 0x00, 0x00, 0x00, 0x00, 0x00, 
	0x00, 0x00, 0x00, 0x00, 0x00, 0x00, 0x00, 0x00, 
	0x00, 0x00, 0x00, 0x00, 0x00, 0x00, 0x00, 0x00, 
	0x00, 0x00, 0x00, 0x00, 0x00, 0x00, 0x00, 0x00, 
	
};

Texture boo_coin_Boo_Coins_Smug3_ia8[] = {
	0x00, 0x00, 0x00, 0x00, 0x00, 0x00, 0x00, 0x00, 
	0x00, 0x00, 0x00, 0xd0, 0xd0, 0xdf, 0xdf, 0xdf, 
	0xef, 0xef, 0xff, 0xf0, 0x00, 0x00, 0x00, 0x00, 
	0x00, 0x00, 0x00, 0x00, 0x00, 0x00, 0x00, 0x00, 
	0x00, 0x00, 0x00, 0x00, 0x00, 0x00, 0x00, 0x00, 
	0x00, 0x00, 0xcf, 0xdf, 0xdf, 0xdf, 0xff, 0xff, 
	0xff, 0xff, 0xff, 0xff, 0xff, 0xf0, 0x00, 0x00, 
	0x00, 0x00, 0x00, 0x00, 0x00, 0x00, 0x00, 0x00, 
	0x00, 0x00, 0x00, 0x00, 0x00, 0x00, 0x00, 0x00, 
	0xc0, 0xcf, 0xcf, 0xdf, 0xef, 0xff, 0xff, 0xff, 
	0xff, 0xff, 0xff, 0xff, 0xff, 0xff, 0xff, 0x00, 
	0x00, 0x00, 0x00, 0x00, 0x00, 0x00, 0x00, 0x00, 
	0x00, 0x00, 0x00, 0x00, 0x00, 0x00, 0x00, 0x9f, 
	0xcf, 0xcf, 0xcf, 0xff, 0xff, 0xff, 0xff, 0xff, 
	0xef, 0xef, 0xef, 0xef, 0xef, 0xef, 0xff, 0xff, 
	0x00, 0x00, 0x00, 0x00, 0x00, 0x00, 0x00, 0x00, 
	0x00, 0x00, 0x00, 0x00, 0x00, 0x00, 0xa0, 0xbf, 
	0xbf, 0xcf, 0xff, 0xff, 0xff, 0xff, 0xef, 0xef, 
	0xef, 0xef, 0xef, 0xef, 0xef, 0xef, 0xef, 0xef, 
	0xff, 0x00, 0x00, 0x00, 0x00, 0x00, 0x00, 0x00, 
	0x00, 0x00, 0x00, 0x00, 0x00, 0x90, 0xaf, 0xbf, 
	0xbf, 0xcf, 0xff, 0xff, 0xff, 0xef, 0xef, 0xef, 
	0xef, 0xef, 0xef, 0xef, 0xef, 0xef, 0xef, 0xef, 
	0xef, 0xe0, 0x00, 0x00, 0x00, 0x00, 0x00, 0x00, 
	0x00, 0x00, 0x00, 0x00, 0x00, 0xaf, 0xaf, 0xbf, 
	0xbf, 0xff, 0xff, 0xff, 0xef, 0xef, 0xef, 0xdf, 
	0xdf, 0xdf, 0xef, 0xef, 0xef, 0xef, 0xef, 0xef, 
	0xdf, 0xef, 0x00, 0x00, 0x00, 0x00, 0x00, 0x00, 
	0x00, 0x00, 0x00, 0x00, 0x80, 0x9f, 0xaf, 0xaf, 
	0xcf, 0xff, 0xff, 0xff, 0xdf, 0xdf, 0xdf, 0x5f, 
	0x2f, 0x5f, 0xdf, 0xdf, 0xdf, 0xdf, 0xdf, 0xcf, 
	0x2f, 0x1f, 0xdf, 0x00, 0x00, 0x00, 0x00, 0x00, 
	0x00, 0x00, 0x00, 0x00, 0x9f, 0x9f, 0x9f, 0xaf, 
	0xff, 0xff, 0xff, 0xef, 0xdf, 0xdf, 0xdf, 0xaf, 
	0xdf, 0x3f, 0x8f, 0xdf, 0x0f, 0x8f, 0xdf, 0x1f, 
	0xdf, 0xaf, 0xdf, 0x00, 0x00, 0x00, 0x00, 0x00, 
	0x00, 0x00, 0x00, 0x00, 0x8f, 0x8f, 0x9f, 0x9f, 
	0xff, 0xff, 0xff, 0xdf, 0xdf, 0xdf, 0xdf, 0xdf, 
	0xdf, 0xaf, 0x1f, 0x8f, 0x0f, 0x1f, 0x8f, 0x2f, 
	0xdf, 0xdf, 0xdf, 0xe0, 0x00, 0x00, 0x00, 0x00, 
	0x00, 0x00, 0x00, 0x50, 0x7f, 0x8f, 0x8f, 0xcf, 
	0xef, 0xff, 0xdf, 0xdf, 0xdf, 0xdf, 0xdf, 0xdf, 
	0xdf, 0xdf, 0x2f, 0x6f, 0x9f, 0x3f, 0x6f, 0x8f, 
	0xdf, 0xdf, 0xdf, 0xef, 0x00, 0x00, 0x00, 0x00, 
	0x00, 0x00, 0x00, 0x6f, 0x7f, 0x7f, 0x8f, 0xdf, 
	0xef, 0xff, 0xdf, 0xdf, 0xdf, 0xdf, 0xdf, 0xdf, 
	0xdf, 0xdf, 0xcf, 0xcf, 0xaf, 0x8f, 0xef, 0xbf, 
	0xdf, 0xdf, 0xdf, 0xdf, 0x00, 0x00, 0x00, 0x00, 
	0x00, 0x00, 0x00, 0x5f, 0x6f, 0x7f, 0x7f, 0xdf, 
	0xdf, 0xff, 0xdf, 0xdf, 0xdf, 0xdf, 0xdf, 0xdf, 
	0xdf, 0xdf, 0xcf, 0xef, 0xaf, 0xcf, 0xef, 0xbf, 
	0xdf, 0xdf, 0xdf, 0xdf, 0x00, 0x00, 0x00, 0x00, 
	0x00, 0x00, 0x30, 0x4f, 0x5f, 0x6f, 0x6f, 0xcf, 
	0xdf, 0xef, 0xdf, 0xdf, 0xdf, 0xdf, 0xdf, 0xdf, 
	0xdf, 0xdf, 0xcf, 0xef, 0xaf, 0xcf, 0xef, 0xbf, 
	0xdf, 0xdf, 0xdf, 0xdf, 0x00, 0x00, 0x00, 0x00, 
	0x00, 0x00, 0x30, 0x3f, 0x3f, 0x4f, 0x5f, 0xcf, 
	0xcf, 0xdf, 0xdf, 0xdf, 0xdf, 0x5f, 0x8f, 0xdf, 
	0xdf, 0x9f, 0xaf, 0xcf, 0xaf, 0x8f, 0xef, 0x7f, 
	0xdf, 0x8f, 0x5f, 0xdf, 0x00, 0x00, 0x00, 0x00, 
	0x00, 0x00, 0x4f, 0x3f, 0x3f, 0x3f, 0x4f, 0xbf, 
	0xcf, 0xdf, 0xdf, 0xdf, 0xdf, 0xdf, 0x0f, 0xdf, 
	0xdf, 0xcf, 0x2f, 0x6f, 0xdf, 0x3f, 0x6f, 0x9f, 
	0xdf, 0x0f, 0xdf, 0xdf, 0x00, 0x00, 0x00, 0x00, 
	0x00, 0x00, 0x4f, 0x3f, 0x3f, 0x3f, 0x3f, 0xbf, 
	0xbf, 0xdf, 0xdf, 0xdf, 0xdf, 0xdf, 0x3f, 0xaf, 
	0xdf, 0xdf, 0x8f, 0x5f, 0xdf, 0x9f, 0x4f, 0xdf, 
	0xaf, 0x4f, 0xdf, 0xdf, 0x00, 0x00, 0x00, 0x00, 
	0x00, 0x00, 0x30, 0x3f, 0x3f, 0x3f, 0x3f, 0xaf, 
	0xbf, 0xdf, 0xdf, 0xdf, 0xdf, 0xdf, 0x3f, 0x1f, 
	0xdf, 0xdf, 0xdf, 0xbf, 0xdf, 0xcf, 0xcf, 0xdf, 
	0x3f, 0x5f, 0xdf, 0xdf, 0x00, 0x00, 0x00, 0x00, 
	0x00, 0x00, 0x30, 0x3f, 0x3f, 0x3f, 0x3f, 0xaf, 
	0xaf, 0xdf, 0xdf, 0xdf, 0xdf, 0xdf, 0x3f, 0x0f, 
	0x5f, 0xdf, 0xdf, 0xdf, 0xdf, 0xdf, 0xdf, 0xdf, 
	0x0f, 0x5f, 0xdf, 0xdf, 0x00, 0x00, 0x00, 0x00, 
	0x00, 0x00, 0x30, 0x3f, 0x3f, 0x3f, 0x3f, 0x9f, 
	0xaf, 0xcf, 0xdf, 0xdf, 0xdf, 0xdf, 0x1f, 0x1f, 
	0x1f, 0x8f, 0xdf, 0xdf, 0xdf, 0xdf, 0xdf, 0xcf, 
	0x2f, 0x1f, 0xdf, 0xdf, 0x00, 0x00, 0x00, 0x00, 
	0x00, 0x00, 0x00, 0x3f, 0x3f, 0x3f, 0x3f, 0x9f, 
	0x9f, 0xaf, 0xdf, 0xdf, 0xdf, 0xcf, 0x1f, 0x2f, 
	0xef, 0x1f, 0xdf, 0xdf, 0xdf, 0xdf, 0xdf, 0xaf, 
	0x7f, 0x0f, 0xcf, 0xdf, 0x00, 0x00, 0x00, 0x00, 
	0x00, 0x00, 0x00, 0x3f, 0x3f, 0x3f, 0x3f, 0x7f, 
	0x8f, 0x9f, 0xdf, 0xdf, 0xdf, 0xdf, 0xdf, 0x2f, 
	0xff, 0x6f, 0x8f, 0xdf, 0xdf, 0xdf, 0xdf, 0x4f, 
	0xef, 0xaf, 0xdf, 0xcf, 0x00, 0x00, 0x00, 0x00, 
	0x00, 0x00, 0x00, 0x30, 0x3f, 0x3f, 0x3f, 0x3f, 
	0x8f, 0x8f, 0xcf, 0xdf, 0xdf, 0xdf, 0xdf, 0x2f, 
	0xef, 0x8f, 0x0f, 0xdf, 0xdf, 0xdf, 0xdf, 0x1f, 
	0xbf, 0xaf, 0xdf, 0xa0, 0x00, 0x00, 0x00, 0x00, 
	0x00, 0x00, 0x00, 0x00, 0x3f, 0x3f, 0x3f, 0x3f, 
	0x7f, 0x8f, 0x8f, 0xdf, 0xdf, 0xdf, 0xdf, 0x4f, 
	0x7f, 0xcf, 0x1f, 0x5f, 0xdf, 0xdf, 0xaf, 0x1f, 
	0x4f, 0xbf, 0xdf, 0x00, 0x00, 0x00, 0x00, 0x00, 
	0x00, 0x00, 0x00, 0x00, 0x30, 0x3f, 0x3f, 0x3f, 
	0x3f, 0x7f, 0x7f, 0xcf, 0xdf, 0xdf, 0xdf, 0xdf, 
	0xdf, 0xdf, 0xcf, 0x0f, 0x1f, 0x3f, 0x0f, 0x8f, 
	0xdf, 0xdf, 0x8f, 0x00, 0x00, 0x00, 0x00, 0x00, 
	0x00, 0x00, 0x00, 0x00, 0x00, 0x3f, 0x3f, 0x3f, 
	0x3f, 0x6f, 0x6f, 0x7f, 0xdf, 0xdf, 0xdf, 0xdf, 
	0xdf, 0xdf, 0xdf, 0xcf, 0x1f, 0x0f, 0x3f, 0xdf, 
	0xdf, 0xdf, 0x80, 0x00, 0x00, 0x00, 0x00, 0x00, 
	0x00, 0x00, 0x00, 0x00, 0x00, 0x30, 0x3f, 0x3f, 
	0x3f, 0x3f, 0x5f, 0x6f, 0x8f, 0xdf, 0xdf, 0xdf, 
	0xdf, 0xdf, 0xdf, 0xdf, 0xdf, 0xdf, 0xdf, 0xdf, 
	0xdf, 0x6f, 0x00, 0x00, 0x00, 0x00, 0x00, 0x00, 
	0x00, 0x00, 0x00, 0x00, 0x00, 0x00, 0x3f, 0x3f, 
	0x3f, 0x3f, 0x3f, 0x4f, 0x5f, 0x8f, 0xdf, 0xdf, 
	0xdf, 0xdf, 0xdf, 0xdf, 0xdf, 0xdf, 0xdf, 0xdf, 
	0x6f, 0x00, 0x00, 0x00, 0x00, 0x00, 0x00, 0x00, 
	0x00, 0x00, 0x00, 0x00, 0x00, 0x00, 0x00, 0x3f, 
	0x3f, 0x3f, 0x3f, 0x3f, 0x3f, 0x4f, 0x5f, 0xcf, 
	0xdf, 0xdf, 0xdf, 0xdf, 0xdf, 0xdf, 0xbf, 0x5f, 
	0x40, 0x00, 0x00, 0x00, 0x00, 0x00, 0x00, 0x00, 
	0x00, 0x00, 0x00, 0x00, 0x00, 0x00, 0x00, 0x00, 
	0x3f, 0x3f, 0x3f, 0x3f, 0x3f, 0x3f, 0x3f, 0x4f, 
	0x4f, 0x8f, 0xbf, 0xbf, 0x7f, 0x5f, 0x3f, 0x40, 
	0x00, 0x00, 0x00, 0x00, 0x00, 0x00, 0x00, 0x00, 
	0x00, 0x00, 0x00, 0x00, 0x00, 0x00, 0x00, 0x00, 
	0x00, 0x30, 0x3f, 0x3f, 0x3f, 0x3f, 0x3f, 0x3f, 
	0x3f, 0x3f, 0x3f, 0x3f, 0x3f, 0x30, 0x00, 0x00, 
	0x00, 0x00, 0x00, 0x00, 0x00, 0x00, 0x00, 0x00, 
	0x00, 0x00, 0x00, 0x00, 0x00, 0x00, 0x00, 0x00, 
	0x00, 0x00, 0x00, 0x00, 0x00, 0x00, 0x00, 0x00, 
	0x00, 0x00, 0x00, 0x00, 0x00, 0x00, 0x00, 0x00, 
	0x00, 0x00, 0x00, 0x00, 0x00, 0x00, 0x00, 0x00, 
	
};

Texture boo_coin_Boo_Coins_Tongue1_ci8[] = {
	0x00, 0x00, 0x00, 0x00, 0x00, 0x00, 0x00, 0x00, 
	0x00, 0x00, 0x00, 0x01, 0x01, 0x02, 0x03, 0x03, 
	0x03, 0x03, 0x03, 0x04, 0x00, 0x00, 0x00, 0x00, 
	0x00, 0x00, 0x00, 0x00, 0x00, 0x00, 0x00, 0x00, 
	0x00, 0x00, 0x00, 0x00, 0x00, 0x00, 0x00, 0x00, 
	0x00, 0x00, 0x05, 0x05, 0x05, 0x06, 0x06, 0x02, 
	0x03, 0x03, 0x03, 0x03, 0x03, 0x04, 0x00, 0x00, 
	0x00, 0x00, 0x00, 0x00, 0x00, 0x00, 0x00, 0x00, 
	0x00, 0x00, 0x00, 0x00, 0x00, 0x00, 0x00, 0x00, 
	0x07, 0x08, 0x09, 0x09, 0x09, 0x05, 0x06, 0x02, 
	0x02, 0x03, 0x03, 0x03, 0x03, 0x03, 0x03, 0x00, 
	0x00, 0x00, 0x00, 0x00, 0x00, 0x00, 0x00, 0x00, 
	0x00, 0x00, 0x00, 0x00, 0x00, 0x00, 0x00, 0x0a, 
	0x0a, 0x0b, 0x0b, 0x0b, 0x0b, 0x0b, 0x0b, 0x08, 
	0x02, 0x03, 0x03, 0x03, 0x03, 0x03, 0x03, 0x03, 
	0x00, 0x00, 0x00, 0x00, 0x00, 0x00, 0x00, 0x00, 
	0x00, 0x00, 0x00, 0x00, 0x00, 0x00, 0x0c, 0x0d, 
	0x0b, 0x0b, 0x0b, 0x0b, 0x0b, 0x0b, 0x0b, 0x0b, 
	0x0b, 0x06, 0x03, 0x03, 0x03, 0x03, 0x03, 0x03, 
	0x02, 0x00, 0x00, 0x00, 0x00, 0x00, 0x00, 0x00, 
	0x00, 0x00, 0x00, 0x00, 0x00, 0x0e, 0x0f, 0x0b, 
	0x0b, 0x0b, 0x0b, 0x0b, 0x0b, 0x0b, 0x0b, 0x0b, 
	0x0b, 0x0b, 0x06, 0x03, 0x03, 0x03, 0x03, 0x02, 
	0x02, 0x01, 0x00, 0x00, 0x00, 0x00, 0x00, 0x00, 
	0x00, 0x00, 0x00, 0x00, 0x00, 0x0f, 0x10, 0x0b, 
	0x10, 0x0b, 0x0b, 0x0b, 0x0b, 0x0b, 0x10, 0x0b, 
	0x0b, 0x0b, 0x0b, 0x03, 0x03, 0x03, 0x02, 0x02, 
	0x02, 0x06, 0x00, 0x00, 0x00, 0x00, 0x00, 0x00, 
	0x00, 0x00, 0x00, 0x11, 0x11, 0x10, 0x0b, 0x0b, 
	0x12, 0x0b, 0x0b, 0x0b, 0x0b, 0x0b, 0x12, 0x0b, 
	0x0b, 0x0b, 0x0b, 0x0b, 0x03, 0x03, 0x03, 0x02, 
	0x06, 0x06, 0x09, 0x00, 0x00, 0x00, 0x00, 0x00, 
	0x00, 0x00, 0x00, 0x11, 0x0b, 0x10, 0x10, 0x10, 
	0x13, 0x10, 0x10, 0x10, 0x10, 0x10, 0x13, 0x10, 
	0x10, 0x10, 0x10, 0x0b, 0x06, 0x03, 0x03, 0x06, 
	0x06, 0x05, 0x05, 0x00, 0x00, 0x00, 0x00, 0x00, 
	0x00, 0x00, 0x00, 0x11, 0x10, 0x10, 0x10, 0x10, 
	0x14, 0x10, 0x10, 0x10, 0x10, 0x10, 0x13, 0x10, 
	0x10, 0x10, 0x10, 0x10, 0x0b, 0x03, 0x03, 0x03, 
	0x05, 0x05, 0x09, 0x07, 0x00, 0x00, 0x00, 0x00, 
	0x00, 0x00, 0x00, 0x11, 0x10, 0x10, 0x10, 0x10, 
	0x14, 0x15, 0x10, 0x10, 0x10, 0x15, 0x13, 0x10, 
	0x10, 0x10, 0x10, 0x10, 0x0b, 0x02, 0x03, 0x03, 
	0x09, 0x09, 0x09, 0x08, 0x00, 0x00, 0x00, 0x00, 
	0x00, 0x00, 0x00, 0x16, 0x10, 0x17, 0x18, 0x17, 
	0x19, 0x1a, 0x10, 0x10, 0x10, 0x19, 0x1a, 0x17, 
	0x1b, 0x15, 0x10, 0x10, 0x10, 0x0a, 0x06, 0x02, 
	0x08, 0x08, 0x08, 0x08, 0x00, 0x00, 0x00, 0x00, 
	0x00, 0x00, 0x00, 0x17, 0x10, 0x10, 0x13, 0x1c, 
	0x19, 0x14, 0x10, 0x10, 0x10, 0x14, 0x1d, 0x14, 
	0x14, 0x17, 0x10, 0x10, 0x10, 0x1e, 0x09, 0x09, 
	0x0a, 0x0a, 0x0a, 0x0a, 0x00, 0x00, 0x00, 0x00, 
	0x00, 0x00, 0x1f, 0x17, 0x17, 0x17, 0x16, 0x1c, 
	0x1c, 0x1c, 0x15, 0x17, 0x15, 0x1c, 0x14, 0x1c, 
	0x20, 0x17, 0x17, 0x17, 0x17, 0x10, 0x0a, 0x08, 
	0x08, 0x21, 0x21, 0x21, 0x00, 0x00, 0x00, 0x00, 
	0x00, 0x00, 0x22, 0x17, 0x17, 0x17, 0x17, 0x23, 
	0x1c, 0x1c, 0x14, 0x1c, 0x14, 0x1c, 0x1c, 0x19, 
	0x17, 0x17, 0x17, 0x17, 0x17, 0x10, 0x21, 0x21, 
	0x0a, 0x0d, 0x0d, 0x24, 0x00, 0x00, 0x00, 0x00, 
	0x00, 0x00, 0x1a, 0x17, 0x17, 0x17, 0x17, 0x17, 
	0x18, 0x1c, 0x1c, 0x12, 0x14, 0x1c, 0x14, 0x17, 
	0x17, 0x17, 0x17, 0x17, 0x17, 0x10, 0x0d, 0x0d, 
	0x0d, 0x24, 0x24, 0x0f, 0x00, 0x00, 0x00, 0x00, 
	0x00, 0x00, 0x1a, 0x17, 0x1d, 0x1d, 0x17, 0x17, 
	0x17, 0x14, 0x25, 0x17, 0x1d, 0x14, 0x16, 0x17, 
	0x17, 0x1d, 0x1d, 0x17, 0x17, 0x10, 0x24, 0x24, 
	0x24, 0x1e, 0x1e, 0x1e, 0x00, 0x00, 0x00, 0x00, 
	0x00, 0x00, 0x00, 0x14, 0x20, 0x1d, 0x17, 0x17, 
	0x17, 0x17, 0x17, 0x17, 0x17, 0x16, 0x17, 0x17, 
	0x17, 0x1d, 0x26, 0x13, 0x17, 0x10, 0x1e, 0x0f, 
	0x0f, 0x27, 0x27, 0x0b, 0x00, 0x00, 0x00, 0x00, 
	0x00, 0x00, 0x00, 0x14, 0x16, 0x17, 0x17, 0x17, 
	0x17, 0x17, 0x17, 0x17, 0x17, 0x17, 0x17, 0x17, 
	0x17, 0x17, 0x16, 0x13, 0x17, 0x10, 0x27, 0x27, 
	0x27, 0x10, 0x10, 0x10, 0x00, 0x00, 0x00, 0x00, 
	0x00, 0x00, 0x00, 0x14, 0x26, 0x16, 0x16, 0x16, 
	0x16, 0x16, 0x16, 0x16, 0x16, 0x16, 0x16, 0x16, 
	0x16, 0x16, 0x26, 0x14, 0x16, 0x10, 0x0b, 0x0b, 
	0x17, 0x16, 0x16, 0x28, 0x00, 0x00, 0x00, 0x00, 
	0x00, 0x00, 0x00, 0x23, 0x1c, 0x1d, 0x16, 0x16, 
	0x16, 0x16, 0x16, 0x16, 0x16, 0x16, 0x16, 0x16, 
	0x16, 0x1d, 0x1c, 0x1d, 0x16, 0x10, 0x17, 0x17, 
	0x15, 0x1d, 0x1d, 0x1d, 0x00, 0x00, 0x00, 0x00, 
	0x00, 0x00, 0x00, 0x25, 0x28, 0x25, 0x13, 0x1d, 
	0x16, 0x16, 0x16, 0x16, 0x16, 0x16, 0x16, 0x1d, 
	0x13, 0x25, 0x28, 0x16, 0x17, 0x28, 0x28, 0x28, 
	0x26, 0x26, 0x1a, 0x19, 0x00, 0x00, 0x00, 0x00, 
	0x00, 0x00, 0x00, 0x11, 0x28, 0x16, 0x18, 0x29, 
	0x2a, 0x14, 0x2b, 0x2c, 0x2d, 0x2e, 0x1c, 0x28, 
	0x16, 0x16, 0x16, 0x16, 0x17, 0x1d, 0x1d, 0x20, 
	0x25, 0x25, 0x25, 0x2f, 0x00, 0x00, 0x00, 0x00, 
	0x00, 0x00, 0x00, 0x11, 0x20, 0x25, 0x30, 0x31, 
	0x32, 0x33, 0x34, 0x35, 0x35, 0x35, 0x1c, 0x1d, 
	0x16, 0x16, 0x16, 0x16, 0x15, 0x23, 0x23, 0x25, 
	0x25, 0x25, 0x25, 0x00, 0x00, 0x00, 0x00, 0x00, 
	0x00, 0x00, 0x00, 0x11, 0x00, 0x29, 0x35, 0x2a, 
	0x36, 0x37, 0x2a, 0x2a, 0x2a, 0x2a, 0x33, 0x1d, 
	0x16, 0x16, 0x16, 0x16, 0x25, 0x25, 0x25, 0x25, 
	0x25, 0x25, 0x25, 0x00, 0x00, 0x00, 0x00, 0x00, 
	0x00, 0x00, 0x00, 0x11, 0x1c, 0x34, 0x2a, 0x38, 
	0x33, 0x2a, 0x2a, 0x2a, 0x2a, 0x2a, 0x33, 0x1d, 
	0x28, 0x28, 0x16, 0x25, 0x25, 0x25, 0x25, 0x25, 
	0x25, 0x25, 0x2f, 0x00, 0x00, 0x00, 0x00, 0x00, 
	0x00, 0x00, 0x00, 0x11, 0x36, 0x39, 0x38, 0x3a, 
	0x33, 0x38, 0x38, 0x38, 0x38, 0x38, 0x36, 0x20, 
	0x28, 0x16, 0x26, 0x25, 0x25, 0x25, 0x25, 0x25, 
	0x25, 0x25, 0x00, 0x00, 0x00, 0x00, 0x00, 0x00, 
	0x00, 0x00, 0x00, 0x11, 0x1c, 0x38, 0x3b, 0x3c, 
	0x3c, 0x3a, 0x3b, 0x3b, 0x3b, 0x3b, 0x1c, 0x28, 
	0x16, 0x19, 0x25, 0x25, 0x25, 0x25, 0x25, 0x25, 
	0x25, 0x00, 0x00, 0x00, 0x00, 0x00, 0x00, 0x00, 
	0x00, 0x00, 0x00, 0x11, 0x1c, 0x32, 0x3d, 0x3d, 
	0x33, 0x3d, 0x3d, 0x3d, 0x3d, 0x36, 0x14, 0x15, 
	0x25, 0x25, 0x25, 0x25, 0x25, 0x25, 0x25, 0x25, 
	0x2f, 0x00, 0x00, 0x00, 0x00, 0x00, 0x00, 0x00, 
	0x00, 0x00, 0x00, 0x11, 0x00, 0x1c, 0x3c, 0x1c, 
	0x1c, 0x1c, 0x1c, 0x1c, 0x1c, 0x1c, 0x18, 0x25, 
	0x25, 0x25, 0x25, 0x25, 0x25, 0x25, 0x25, 0x3e, 
	0x00, 0x00, 0x00, 0x00, 0x00, 0x00, 0x00, 0x00, 
	0x00, 0x00, 0x00, 0x11, 0x11, 0x00, 0x1c, 0x1c, 
	0x1c, 0x1c, 0x1c, 0x1c, 0x14, 0x18, 0x25, 0x25, 
	0x25, 0x25, 0x25, 0x25, 0x25, 0x2f, 0x00, 0x00, 
	0x00, 0x00, 0x00, 0x00, 0x00, 0x00, 0x00, 0x00, 
	0x00, 0x00, 0x00, 0x00, 0x00, 0x00, 0x00, 0x00, 
	0x00, 0x00, 0x00, 0x00, 0x00, 0x00, 0x00, 0x00, 
	0x00, 0x00, 0x00, 0x00, 0x00, 0x00, 0x00, 0x00, 
	0x00, 0x00, 0x00, 0x00, 0x00, 0x00, 0x00, 0x00, 
	
};

Texture boo_coin_Boo_Coins_Tongue1_pal_rgba16[] = {
	0x00, 0x00, 0xef, 0x7a, 0xf7, 0xbd, 0xff, 0xff, 
	0xff, 0xfe, 0xe7, 0x39, 0xef, 0x7b, 0xd6, 0xb4, 
	0xd6, 0xb5, 0xde, 0xf7, 0xce, 0x73, 0x94, 0xa5, 
	0xbd, 0xee, 0xbd, 0xef, 0xb5, 0xac, 0xad, 0x6b, 
	0x8c, 0x63, 0x84, 0x20, 0x18, 0xc7, 0x10, 0x85, 
	0x08, 0x43, 0x6b, 0x5b, 0x7b, 0xdf, 0x84, 0x21, 
	0x21, 0x09, 0x39, 0xcf, 0x42, 0x11, 0x29, 0x4b, 
	0x00, 0x01, 0x63, 0x19, 0xa5, 0x29, 0x5a, 0xd6, 
	0x5a, 0xd7, 0xc6, 0x31, 0x73, 0x9c, 0x52, 0x95, 
	0xb5, 0xad, 0x31, 0x8d, 0x4a, 0x53, 0x9c, 0xe7, 
	0x73, 0x9d, 0x38, 0x01, 0x60, 0x01, 0x10, 0x43, 
	0x30, 0x43, 0x28, 0x43, 0x60, 0x43, 0x31, 0x8c, 
	0x50, 0x01, 0x70, 0x01, 0x40, 0x01, 0x18, 0x01, 
	0x80, 0x01, 0x68, 0x01, 0x08, 0x01, 0x78, 0x01, 
	0x48, 0x01, 0x58, 0x01, 0x30, 0x01, 0x28, 0x01, 
	0x20, 0x01, 0x10, 0x01, 0x42, 0x10, 
};

Texture boo_coin_Boo_Coins_Tongue2_ci8[] = {
	0x00, 0x00, 0x00, 0x00, 0x00, 0x00, 0x00, 0x00, 
	0x00, 0x00, 0x00, 0x00, 0x00, 0x01, 0x02, 0x03, 
	0x04, 0x05, 0x02, 0x00, 0x00, 0x00, 0x00, 0x00, 
	0x00, 0x00, 0x00, 0x00, 0x00, 0x00, 0x00, 0x00, 
	0x00, 0x00, 0x00, 0x00, 0x00, 0x00, 0x00, 0x00, 
	0x00, 0x00, 0x06, 0x07, 0x05, 0x05, 0x05, 0x05, 
	0x05, 0x05, 0x05, 0x05, 0x05, 0x02, 0x00, 0x00, 
	0x00, 0x00, 0x00, 0x00, 0x00, 0x00, 0x00, 0x00, 
	0x00, 0x00, 0x00, 0x00, 0x00, 0x00, 0x00, 0x00, 
	0x06, 0x03, 0x03, 0x04, 0x05, 0x05, 0x05, 0x05, 
	0x05, 0x05, 0x05, 0x05, 0x05, 0x05, 0x05, 0x02, 
	0x00, 0x00, 0x00, 0x00, 0x00, 0x00, 0x00, 0x00, 
	0x00, 0x00, 0x00, 0x00, 0x00, 0x00, 0x00, 0x08, 
	0x07, 0x03, 0x04, 0x05, 0x09, 0x09, 0x07, 0x07, 
	0x07, 0x07, 0x07, 0x07, 0x05, 0x05, 0x05, 0x05, 
	0x05, 0x0a, 0x00, 0x00, 0x00, 0x00, 0x00, 0x00, 
	0x00, 0x00, 0x00, 0x00, 0x00, 0x0b, 0x09, 0x09, 
	0x07, 0x04, 0x09, 0x09, 0x09, 0x09, 0x09, 0x09, 
	0x07, 0x07, 0x07, 0x07, 0x07, 0x07, 0x04, 0x05, 
	0x05, 0x05, 0x0a, 0x00, 0x00, 0x00, 0x00, 0x00, 
	0x00, 0x00, 0x00, 0x00, 0x0c, 0x08, 0x08, 0x09, 
	0x09, 0x09, 0x09, 0x09, 0x09, 0x09, 0x09, 0x09, 
	0x09, 0x09, 0x07, 0x07, 0x07, 0x07, 0x07, 0x07, 
	0x05, 0x05, 0x05, 0x0a, 0x00, 0x00, 0x00, 0x00, 
	0x00, 0x00, 0x00, 0x00, 0x0d, 0x0e, 0x08, 0x09, 
	0x09, 0x09, 0x08, 0x09, 0x09, 0x09, 0x09, 0x09, 
	0x09, 0x09, 0x09, 0x07, 0x07, 0x07, 0x09, 0x07, 
	0x07, 0x05, 0x05, 0x05, 0x01, 0x00, 0x00, 0x00, 
	0x00, 0x00, 0x00, 0x0f, 0x0d, 0x0e, 0x09, 0x09, 
	0x09, 0x09, 0x10, 0x09, 0x09, 0x09, 0x09, 0x09, 
	0x09, 0x09, 0x09, 0x09, 0x09, 0x07, 0x10, 0x07, 
	0x07, 0x07, 0x05, 0x05, 0x05, 0x00, 0x00, 0x00, 
	0x00, 0x00, 0x11, 0x12, 0x0d, 0x08, 0x08, 0x08, 
	0x09, 0x09, 0x13, 0x0e, 0x09, 0x09, 0x09, 0x09, 
	0x09, 0x09, 0x09, 0x09, 0x09, 0x0e, 0x14, 0x07, 
	0x07, 0x07, 0x09, 0x05, 0x05, 0x09, 0x00, 0x00, 
	0x00, 0x00, 0x0f, 0x12, 0x08, 0x08, 0x08, 0x08, 
	0x08, 0x08, 0x15, 0x16, 0x09, 0x09, 0x09, 0x09, 
	0x09, 0x09, 0x09, 0x09, 0x09, 0x17, 0x18, 0x09, 
	0x09, 0x07, 0x07, 0x09, 0x05, 0x04, 0x00, 0x00, 
	0x00, 0x19, 0x0f, 0x1a, 0x08, 0x08, 0x08, 0x08, 
	0x08, 0x08, 0x0d, 0x1b, 0x08, 0x09, 0x09, 0x09, 
	0x09, 0x09, 0x09, 0x09, 0x08, 0x1b, 0x08, 0x09, 
	0x09, 0x09, 0x09, 0x09, 0x04, 0x03, 0x1c, 0x00, 
	0x00, 0x1d, 0x1e, 0x0d, 0x08, 0x08, 0x08, 0x0e, 
	0x17, 0x1f, 0x08, 0x20, 0x20, 0x08, 0x09, 0x09, 
	0x09, 0x09, 0x09, 0x09, 0x20, 0x1d, 0x09, 0x1e, 
	0x17, 0x09, 0x09, 0x09, 0x07, 0x03, 0x07, 0x00, 
	0x00, 0x21, 0x1e, 0x08, 0x08, 0x08, 0x08, 0x08, 
	0x0d, 0x22, 0x13, 0x1f, 0x13, 0x1e, 0x08, 0x08, 
	0x09, 0x09, 0x09, 0x0f, 0x13, 0x1e, 0x13, 0x10, 
	0x0e, 0x09, 0x09, 0x09, 0x09, 0x07, 0x07, 0x00, 
	0x23, 0x21, 0x1f, 0x0e, 0x08, 0x08, 0x08, 0x08, 
	0x08, 0x0e, 0x24, 0x1b, 0x10, 0x13, 0x0d, 0x1f, 
	0x13, 0x0f, 0x0d, 0x13, 0x10, 0x1b, 0x17, 0x09, 
	0x09, 0x09, 0x09, 0x09, 0x09, 0x07, 0x09, 0x00, 
	0x19, 0x25, 0x21, 0x0e, 0x0e, 0x0e, 0x0e, 0x08, 
	0x08, 0x08, 0x08, 0x20, 0x1b, 0x1b, 0x13, 0x22, 
	0x1b, 0x22, 0x13, 0x1b, 0x1b, 0x1d, 0x09, 0x09, 
	0x09, 0x09, 0x09, 0x09, 0x09, 0x07, 0x09, 0x00, 
	0x24, 0x26, 0x21, 0x0e, 0x0e, 0x0e, 0x0e, 0x0e, 
	0x08, 0x08, 0x08, 0x0e, 0x20, 0x1b, 0x1b, 0x13, 
	0x24, 0x13, 0x1b, 0x1b, 0x15, 0x08, 0x09, 0x09, 
	0x09, 0x09, 0x09, 0x09, 0x09, 0x07, 0x08, 0x00, 
	0x24, 0x18, 0x25, 0x0e, 0x0e, 0x12, 0x21, 0x1f, 
	0x0e, 0x0e, 0x08, 0x08, 0x08, 0x26, 0x1b, 0x26, 
	0x08, 0x26, 0x1b, 0x21, 0x08, 0x08, 0x08, 0x09, 
	0x09, 0x1e, 0x1e, 0x0e, 0x08, 0x09, 0x0e, 0x00, 
	0x24, 0x27, 0x28, 0x0e, 0x0d, 0x13, 0x25, 0x1f, 
	0x0e, 0x0e, 0x0e, 0x0e, 0x08, 0x08, 0x0e, 0x0e, 
	0x08, 0x0e, 0x0e, 0x08, 0x08, 0x08, 0x08, 0x08, 
	0x08, 0x1f, 0x26, 0x14, 0x08, 0x09, 0x0e, 0x00, 
	0x29, 0x15, 0x18, 0x0e, 0x0d, 0x13, 0x1f, 0x0e, 
	0x0e, 0x0e, 0x0e, 0x0e, 0x0e, 0x0e, 0x08, 0x08, 
	0x08, 0x08, 0x08, 0x08, 0x08, 0x08, 0x08, 0x08, 
	0x08, 0x08, 0x1e, 0x14, 0x08, 0x0e, 0x0d, 0x00, 
	0x00, 0x17, 0x15, 0x0e, 0x0e, 0x28, 0x13, 0x12, 
	0x0e, 0x0e, 0x0e, 0x0e, 0x0e, 0x0e, 0x0e, 0x0e, 
	0x08, 0x08, 0x08, 0x08, 0x08, 0x08, 0x08, 0x08, 
	0x08, 0x0d, 0x13, 0x21, 0x08, 0x12, 0x12, 0x00, 
	0x00, 0x24, 0x2a, 0x0f, 0x0e, 0x0e, 0x1a, 0x14, 
	0x28, 0x0e, 0x0e, 0x0e, 0x0e, 0x0e, 0x0e, 0x0e, 
	0x0e, 0x0e, 0x08, 0x08, 0x08, 0x08, 0x08, 0x08, 
	0x28, 0x14, 0x0d, 0x08, 0x08, 0x1a, 0x1a, 0x00, 
	0x00, 0x29, 0x24, 0x2a, 0x0e, 0x0e, 0x0d, 0x0e, 
	0x1f, 0x14, 0x28, 0x12, 0x0d, 0x0e, 0x0e, 0x0e, 
	0x0e, 0x0e, 0x0e, 0x0e, 0x0e, 0x0d, 0x28, 0x14, 
	0x1e, 0x08, 0x08, 0x08, 0x12, 0x0f, 0x18, 0x00, 
	0x00, 0x00, 0x24, 0x24, 0x12, 0x0e, 0x0e, 0x0d, 
	0x0d, 0x0e, 0x0d, 0x21, 0x2b, 0x2c, 0x2c, 0x2d, 
	0x2e, 0x2c, 0x2c, 0x2d, 0x2f, 0x21, 0x0e, 0x08, 
	0x08, 0x08, 0x0e, 0x08, 0x1e, 0x1e, 0x30, 0x00, 
	0x00, 0x00, 0x29, 0x24, 0x24, 0x0d, 0x0e, 0x0e, 
	0x0d, 0x0d, 0x0d, 0x22, 0x31, 0x32, 0x32, 0x32, 
	0x33, 0x32, 0x32, 0x32, 0x34, 0x22, 0x0e, 0x08, 
	0x08, 0x08, 0x0e, 0x0f, 0x1f, 0x25, 0x00, 0x00, 
	0x00, 0x00, 0x00, 0x24, 0x24, 0x18, 0x0e, 0x0e, 
	0x0e, 0x0d, 0x20, 0x35, 0x32, 0x32, 0x32, 0x32, 
	0x36, 0x32, 0x32, 0x32, 0x32, 0x37, 0x20, 0x0e, 
	0x08, 0x0e, 0x0d, 0x21, 0x25, 0x00, 0x00, 0x00, 
	0x00, 0x00, 0x00, 0x29, 0x24, 0x24, 0x26, 0x0d, 
	0x0e, 0x0d, 0x38, 0x32, 0x32, 0x32, 0x32, 0x39, 
	0x3a, 0x3b, 0x32, 0x32, 0x32, 0x3c, 0x3d, 0x0e, 
	0x0e, 0x0d, 0x25, 0x26, 0x3e, 0x00, 0x00, 0x00, 
	0x00, 0x00, 0x00, 0x00, 0x29, 0x24, 0x24, 0x28, 
	0x0d, 0x0d, 0x3f, 0x40, 0x40, 0x40, 0x40, 0x34, 
	0x41, 0x42, 0x40, 0x40, 0x40, 0x40, 0x3d, 0x0d, 
	0x12, 0x28, 0x18, 0x24, 0x00, 0x00, 0x00, 0x00, 
	0x00, 0x00, 0x00, 0x00, 0x00, 0x43, 0x24, 0x24, 
	0x24, 0x12, 0x44, 0x45, 0x45, 0x45, 0x45, 0x35, 
	0x36, 0x45, 0x45, 0x45, 0x45, 0x45, 0x3d, 0x26, 
	0x27, 0x1d, 0x17, 0x43, 0x00, 0x00, 0x00, 0x00, 
	0x00, 0x00, 0x00, 0x00, 0x00, 0x43, 0x43, 0x24, 
	0x24, 0x24, 0x2f, 0x34, 0x46, 0x46, 0x46, 0x46, 
	0x37, 0x46, 0x46, 0x46, 0x46, 0x44, 0x13, 0x2a, 
	0x2a, 0x43, 0x43, 0x43, 0x00, 0x00, 0x00, 0x00, 
	0x00, 0x00, 0x00, 0x00, 0x00, 0x43, 0x43, 0x43, 
	0x24, 0x24, 0x47, 0x2f, 0x3f, 0x48, 0x48, 0x48, 
	0x48, 0x48, 0x48, 0x33, 0x49, 0x1b, 0x24, 0x24, 
	0x43, 0x43, 0x43, 0x43, 0x00, 0x00, 0x00, 0x00, 
	0x00, 0x00, 0x00, 0x00, 0x00, 0x43, 0x43, 0x43, 
	0x43, 0x43, 0x43, 0x24, 0x14, 0x13, 0x2b, 0x2f, 
	0x2f, 0x2f, 0x1b, 0x13, 0x22, 0x24, 0x43, 0x43, 
	0x43, 0x43, 0x43, 0x43, 0x00, 0x00, 0x00, 0x00, 
	0x00, 0x00, 0x00, 0x00, 0x00, 0x00, 0x00, 0x00, 
	0x00, 0x00, 0x00, 0x00, 0x00, 0x00, 0x00, 0x00, 
	0x00, 0x00, 0x00, 0x00, 0x00, 0x00, 0x00, 0x00, 
	0x00, 0x00, 0x00, 0x00, 0x00, 0x00, 0x00, 0x00, 
	
};

Texture boo_coin_Boo_Coins_Tongue2_pal_rgba16[] = {
	0x00, 0x00, 0xef, 0x7a, 0xff, 0xfe, 0xef, 0x7b, 
	0xf7, 0xbd, 0xff, 0xff, 0xde, 0xf6, 0xe7, 0x39, 
	0xd6, 0xb5, 0xde, 0xf7, 0xf7, 0xbc, 0xbd, 0xee, 
	0xad, 0x6a, 0xc6, 0x31, 0xce, 0x73, 0xad, 0x6b, 
	0x21, 0x09, 0x9c, 0xe6, 0xbd, 0xef, 0x08, 0x43, 
	0x18, 0xc7, 0x5a, 0xd7, 0x42, 0x11, 0x39, 0xcf, 
	0x73, 0x9d, 0x6b, 0x5a, 0xb5, 0xad, 0x00, 0x01, 
	0xe7, 0x38, 0x63, 0x19, 0xa5, 0x29, 0x9c, 0xe7, 
	0x52, 0x95, 0x94, 0xa5, 0x10, 0x85, 0x4a, 0x52, 
	0x31, 0x8d, 0x8c, 0x63, 0x84, 0x21, 0x6b, 0x5b, 
	0x7b, 0xdf, 0x31, 0x8c, 0x4a, 0x53, 0x10, 0x01, 
	0x58, 0x43, 0x50, 0x43, 0x18, 0x43, 0x08, 0x01, 
	0x63, 0x18, 0xa8, 0x01, 0xf8, 0x01, 0x60, 0x01, 
	0x98, 0x01, 0xa0, 0x01, 0x70, 0x01, 0x90, 0x01, 
	0x20, 0x01, 0xe0, 0x01, 0x28, 0x01, 0xf0, 0x41, 
	0xf0, 0x01, 0x08, 0x03, 0x52, 0x94, 0x58, 0x01, 
	0xd0, 0x01, 0x48, 0x01, 0xd8, 0x01, 0x84, 0x20, 
	0x50, 0x01, 0xb0, 0x01, 0x88, 0x01, 0x29, 0x4b, 
	0x68, 0x01, 0x18, 0x01, 
};

Texture boo_coin_Boo_Coins_Tongue3_ci8[] = {
	0x00, 0x00, 0x00, 0x00, 0x00, 0x00, 0x00, 0x00, 
	0x00, 0x00, 0x00, 0x01, 0x02, 0x03, 0x03, 0x03, 
	0x04, 0x05, 0x06, 0x07, 0x00, 0x00, 0x00, 0x00, 
	0x00, 0x00, 0x00, 0x00, 0x00, 0x00, 0x00, 0x00, 
	0x00, 0x00, 0x00, 0x00, 0x00, 0x00, 0x00, 0x00, 
	0x00, 0x00, 0x08, 0x08, 0x03, 0x03, 0x06, 0x06, 
	0x06, 0x06, 0x06, 0x06, 0x06, 0x07, 0x00, 0x00, 
	0x00, 0x00, 0x00, 0x00, 0x00, 0x00, 0x00, 0x00, 
	0x00, 0x00, 0x00, 0x00, 0x00, 0x00, 0x00, 0x00, 
	0x09, 0x0a, 0x08, 0x08, 0x05, 0x06, 0x06, 0x06, 
	0x06, 0x06, 0x06, 0x06, 0x06, 0x06, 0x06, 0x00, 
	0x00, 0x00, 0x00, 0x00, 0x00, 0x00, 0x00, 0x00, 
	0x00, 0x00, 0x00, 0x00, 0x00, 0x00, 0x00, 0x0b, 
	0x0c, 0x0a, 0x0a, 0x06, 0x06, 0x06, 0x06, 0x06, 
	0x04, 0x04, 0x04, 0x04, 0x04, 0x04, 0x06, 0x06, 
	0x00, 0x00, 0x00, 0x00, 0x00, 0x00, 0x00, 0x00, 
	0x00, 0x00, 0x00, 0x00, 0x00, 0x00, 0x0d, 0x0e, 
	0x0c, 0x0c, 0x06, 0x06, 0x06, 0x06, 0x04, 0x04, 
	0x04, 0x04, 0x04, 0x04, 0x04, 0x04, 0x04, 0x0f, 
	0x05, 0x00, 0x00, 0x00, 0x00, 0x00, 0x00, 0x00, 
	0x00, 0x00, 0x00, 0x00, 0x00, 0x10, 0x11, 0x11, 
	0x0e, 0x0a, 0x06, 0x06, 0x06, 0x04, 0x04, 0x04, 
	0x04, 0x04, 0x04, 0x04, 0x04, 0x04, 0x04, 0x04, 
	0x04, 0x12, 0x00, 0x00, 0x00, 0x00, 0x00, 0x00, 
	0x00, 0x00, 0x00, 0x00, 0x00, 0x13, 0x14, 0x11, 
	0x11, 0x06, 0x06, 0x06, 0x04, 0x04, 0x04, 0x04, 
	0x03, 0x04, 0x04, 0x04, 0x04, 0x04, 0x03, 0x04, 
	0x04, 0x0f, 0x00, 0x00, 0x00, 0x00, 0x00, 0x00, 
	0x00, 0x00, 0x00, 0x00, 0x15, 0x13, 0x13, 0x14, 
	0x08, 0x06, 0x06, 0x06, 0x04, 0x04, 0x04, 0x04, 
	0x16, 0x04, 0x04, 0x04, 0x04, 0x04, 0x16, 0x04, 
	0x04, 0x04, 0x0f, 0x15, 0x00, 0x00, 0x00, 0x00, 
	0x00, 0x00, 0x00, 0x00, 0x0b, 0x17, 0x17, 0x13, 
	0x06, 0x06, 0x06, 0x04, 0x04, 0x04, 0x04, 0x04, 
	0x18, 0x04, 0x04, 0x04, 0x04, 0x04, 0x16, 0x04, 
	0x04, 0x04, 0x04, 0x15, 0x00, 0x00, 0x00, 0x00, 
	0x00, 0x00, 0x00, 0x00, 0x19, 0x0b, 0x0b, 0x17, 
	0x06, 0x06, 0x06, 0x04, 0x04, 0x04, 0x04, 0x04, 
	0x1a, 0x03, 0x04, 0x04, 0x04, 0x03, 0x18, 0x04, 
	0x04, 0x04, 0x04, 0x15, 0x00, 0x00, 0x00, 0x00, 
	0x00, 0x00, 0x00, 0x1b, 0x1c, 0x1d, 0x19, 0x0a, 
	0x05, 0x06, 0x04, 0x04, 0x04, 0x04, 0x04, 0x04, 
	0x1e, 0x11, 0x04, 0x04, 0x04, 0x14, 0x18, 0x04, 
	0x04, 0x04, 0x04, 0x04, 0x00, 0x00, 0x00, 0x00, 
	0x00, 0x00, 0x00, 0x1f, 0x20, 0x1c, 0x1d, 0x03, 
	0x0f, 0x06, 0x03, 0x03, 0x03, 0x11, 0x21, 0x03, 
	0x1f, 0x22, 0x03, 0x03, 0x03, 0x1f, 0x20, 0x0a, 
	0x23, 0x03, 0x03, 0x03, 0x00, 0x00, 0x00, 0x00, 
	0x00, 0x00, 0x00, 0x24, 0x1f, 0x22, 0x1c, 0x08, 
	0x03, 0x06, 0x03, 0x03, 0x03, 0x03, 0x1a, 0x1a, 
	0x17, 0x1e, 0x03, 0x03, 0x03, 0x1a, 0x1f, 0x25, 
	0x16, 0x03, 0x03, 0x03, 0x00, 0x00, 0x00, 0x00, 
	0x00, 0x00, 0x26, 0x21, 0x27, 0x1f, 0x22, 0x0a, 
	0x08, 0x0f, 0x03, 0x03, 0x03, 0x03, 0x19, 0x25, 
	0x1e, 0x1a, 0x14, 0x08, 0x14, 0x25, 0x25, 0x1a, 
	0x08, 0x03, 0x03, 0x03, 0x00, 0x00, 0x00, 0x00, 
	0x00, 0x00, 0x26, 0x28, 0x23, 0x29, 0x24, 0x0c, 
	0x0a, 0x04, 0x03, 0x03, 0x03, 0x03, 0x03, 0x24, 
	0x25, 0x25, 0x1a, 0x25, 0x1a, 0x25, 0x25, 0x17, 
	0x03, 0x03, 0x03, 0x03, 0x00, 0x00, 0x00, 0x00, 
	0x00, 0x00, 0x21, 0x28, 0x28, 0x28, 0x29, 0x0e, 
	0x0c, 0x03, 0x03, 0x03, 0x03, 0x03, 0x03, 0x03, 
	0x1a, 0x25, 0x1a, 0x2a, 0x1a, 0x25, 0x21, 0x03, 
	0x03, 0x03, 0x03, 0x03, 0x00, 0x00, 0x00, 0x00, 
	0x00, 0x00, 0x21, 0x28, 0x28, 0x28, 0x23, 0x11, 
	0x0e, 0x03, 0x03, 0x03, 0x13, 0x13, 0x03, 0x03, 
	0x0a, 0x1a, 0x11, 0x03, 0x21, 0x16, 0x03, 0x03, 
	0x03, 0x13, 0x13, 0x03, 0x00, 0x00, 0x00, 0x00, 
	0x00, 0x00, 0x26, 0x28, 0x28, 0x28, 0x28, 0x14, 
	0x11, 0x03, 0x08, 0x1e, 0x0b, 0x13, 0x03, 0x03, 
	0x03, 0x08, 0x03, 0x03, 0x08, 0x03, 0x03, 0x03, 
	0x03, 0x13, 0x1d, 0x18, 0x00, 0x00, 0x00, 0x00, 
	0x00, 0x00, 0x26, 0x28, 0x28, 0x28, 0x28, 0x13, 
	0x14, 0x03, 0x08, 0x1a, 0x08, 0x03, 0x03, 0x03, 
	0x03, 0x03, 0x03, 0x03, 0x03, 0x03, 0x03, 0x03, 
	0x03, 0x03, 0x08, 0x18, 0x00, 0x00, 0x00, 0x00, 
	0x00, 0x00, 0x26, 0x28, 0x28, 0x28, 0x28, 0x17, 
	0x13, 0x0c, 0x03, 0x1e, 0x1d, 0x03, 0x03, 0x03, 
	0x03, 0x03, 0x03, 0x03, 0x03, 0x03, 0x03, 0x03, 
	0x03, 0x03, 0x1d, 0x18, 0x00, 0x00, 0x00, 0x00, 
	0x00, 0x00, 0x00, 0x28, 0x28, 0x28, 0x28, 0x0b, 
	0x17, 0x13, 0x03, 0x13, 0x1a, 0x13, 0x03, 0x03, 
	0x03, 0x03, 0x03, 0x03, 0x03, 0x03, 0x03, 0x03, 
	0x03, 0x13, 0x1a, 0x14, 0x00, 0x00, 0x00, 0x00, 
	0x00, 0x00, 0x00, 0x28, 0x28, 0x28, 0x28, 0x20, 
	0x19, 0x17, 0x03, 0x03, 0x0c, 0x24, 0x18, 0x13, 
	0x08, 0x03, 0x03, 0x03, 0x03, 0x03, 0x08, 0x13, 
	0x18, 0x24, 0x0c, 0x08, 0x00, 0x00, 0x00, 0x00, 
	0x00, 0x00, 0x00, 0x26, 0x28, 0x28, 0x28, 0x28, 
	0x1d, 0x19, 0x08, 0x03, 0x03, 0x03, 0x03, 0x0a, 
	0x2b, 0x2c, 0x2d, 0x2e, 0x2f, 0x2e, 0x30, 0x31, 
	0x28, 0x08, 0x08, 0x15, 0x00, 0x00, 0x00, 0x00, 
	0x00, 0x00, 0x00, 0x00, 0x28, 0x28, 0x28, 0x28, 
	0x20, 0x1d, 0x19, 0x03, 0x08, 0x08, 0x08, 0x14, 
	0x32, 0x33, 0x33, 0x33, 0x34, 0x35, 0x36, 0x33, 
	0x37, 0x27, 0x08, 0x15, 0x00, 0x00, 0x00, 0x00, 
	0x00, 0x00, 0x00, 0x00, 0x26, 0x28, 0x28, 0x28, 
	0x28, 0x20, 0x1c, 0x0a, 0x03, 0x08, 0x08, 0x17, 
	0x38, 0x33, 0x33, 0x33, 0x33, 0x36, 0x39, 0x33, 
	0x33, 0x31, 0x22, 0x15, 0x00, 0x00, 0x00, 0x00, 
	0x00, 0x00, 0x00, 0x00, 0x00, 0x28, 0x28, 0x28, 
	0x28, 0x24, 0x22, 0x20, 0x08, 0x03, 0x08, 0x17, 
	0x38, 0x33, 0x33, 0x33, 0x33, 0x36, 0x3a, 0x36, 
	0x33, 0x3b, 0x1e, 0x15, 0x00, 0x00, 0x00, 0x00, 
	0x00, 0x00, 0x00, 0x00, 0x00, 0x26, 0x28, 0x28, 
	0x28, 0x28, 0x27, 0x1f, 0x1d, 0x08, 0x03, 0x17, 
	0x3c, 0x3d, 0x3d, 0x3d, 0x3d, 0x3e, 0x2b, 0x3b, 
	0x3d, 0x3f, 0x1e, 0x15, 0x00, 0x00, 0x00, 0x00, 
	0x00, 0x00, 0x00, 0x00, 0x00, 0x00, 0x28, 0x28, 
	0x28, 0x28, 0x23, 0x29, 0x24, 0x19, 0x08, 0x0a, 
	0x40, 0x3f, 0x3f, 0x3f, 0x3f, 0x41, 0x42, 0x3f, 
	0x3f, 0x32, 0x1a, 0x15, 0x00, 0x00, 0x00, 0x00, 
	0x00, 0x00, 0x00, 0x00, 0x00, 0x00, 0x00, 0x28, 
	0x28, 0x28, 0x28, 0x28, 0x23, 0x29, 0x24, 0x08, 
	0x1e, 0x43, 0x44, 0x44, 0x44, 0x44, 0x44, 0x44, 
	0x44, 0x45, 0x16, 0x15, 0x00, 0x00, 0x00, 0x00, 
	0x00, 0x00, 0x00, 0x00, 0x00, 0x00, 0x00, 0x00, 
	0x28, 0x28, 0x28, 0x28, 0x28, 0x28, 0x28, 0x21, 
	0x23, 0x46, 0x47, 0x37, 0x37, 0x37, 0x37, 0x37, 
	0x2b, 0x25, 0x48, 0x15, 0x00, 0x00, 0x00, 0x00, 
	0x00, 0x00, 0x00, 0x00, 0x00, 0x00, 0x00, 0x00, 
	0x00, 0x26, 0x28, 0x28, 0x28, 0x28, 0x28, 0x28, 
	0x28, 0x16, 0x1a, 0x49, 0x49, 0x25, 0x25, 0x25, 
	0x25, 0x4a, 0x15, 0x15, 0x00, 0x00, 0x00, 0x00, 
	0x00, 0x00, 0x00, 0x00, 0x00, 0x00, 0x00, 0x00, 
	0x00, 0x00, 0x00, 0x00, 0x00, 0x00, 0x00, 0x00, 
	0x00, 0x00, 0x00, 0x00, 0x00, 0x00, 0x00, 0x00, 
	0x00, 0x00, 0x00, 0x00, 0x00, 0x00, 0x00, 0x00, 
	
};

Texture boo_coin_Boo_Coins_Tongue3_pal_rgba16[] = {
	0x00, 0x00, 0xd6, 0xb4, 0xde, 0xf6, 0xde, 0xf7, 
	0xe7, 0x39, 0xf7, 0xbd, 0xff, 0xff, 0xff, 0xfe, 
	0xd6, 0xb5, 0xc6, 0x30, 0xce, 0x73, 0x94, 0xa5, 
	0xc6, 0x31, 0xa5, 0x28, 0xbd, 0xef, 0xef, 0x7b, 
	0x94, 0xa4, 0xb5, 0xad, 0xf7, 0xbc, 0xa5, 0x29, 
	0xad, 0x6b, 0x84, 0x20, 0x21, 0x09, 0x9c, 0xe7, 
	0x18, 0xc7, 0x8c, 0x63, 0x08, 0x43, 0x5a, 0xd6, 
	0x7b, 0xdf, 0x84, 0x21, 0x10, 0x85, 0x63, 0x19, 
	0x73, 0x9d, 0x42, 0x11, 0x6b, 0x5b, 0x39, 0xcf, 
	0x5a, 0xd7, 0x00, 0x01, 0x31, 0x8c, 0x52, 0x95, 
	0x31, 0x8d, 0x4a, 0x53, 0x29, 0x4b, 0x28, 0x01, 
	0x98, 0x43, 0x58, 0x43, 0x50, 0x43, 0x10, 0x43, 
	0xb8, 0x01, 0x38, 0x01, 0x80, 0x01, 0xf8, 0x01, 
	0xe8, 0x01, 0x30, 0x01, 0xf0, 0x01, 0x68, 0x01, 
	0xc0, 0x01, 0x90, 0x01, 0x20, 0x01, 0xd8, 0x01, 
	0x98, 0x01, 0xd0, 0x01, 0xc8, 0x01, 0xb0, 0x01, 
	0x48, 0x01, 0xa8, 0x01, 0x40, 0x01, 0xa0, 0x01, 
	0x88, 0x01, 0x08, 0x03, 0x10, 0x01, 0x70, 0x01, 
	0x21, 0x08, 0x08, 0x01, 0x08, 0x42, 
};

Texture boo_coin_Boo_Coins_Blah1_ci8[] = {
	0x00, 0x00, 0x00, 0x00, 0x00, 0x00, 0x00, 0x00, 
	0x00, 0x00, 0x00, 0x01, 0x01, 0x02, 0x03, 0x03, 
	0x03, 0x03, 0x03, 0x04, 0x00, 0x00, 0x00, 0x00, 
	0x00, 0x00, 0x00, 0x00, 0x00, 0x00, 0x00, 0x00, 
	0x00, 0x00, 0x00, 0x00, 0x00, 0x00, 0x00, 0x00, 
	0x00, 0x00, 0x05, 0x05, 0x05, 0x06, 0x06, 0x02, 
	0x03, 0x03, 0x03, 0x03, 0x03, 0x04, 0x00, 0x00, 
	0x00, 0x00, 0x00, 0x00, 0x00, 0x00, 0x00, 0x00, 
	0x00, 0x00, 0x00, 0x00, 0x00, 0x00, 0x00, 0x00, 
	0x07, 0x08, 0x09, 0x09, 0x09, 0x05, 0x06, 0x02, 
	0x02, 0x03, 0x03, 0x03, 0x03, 0x03, 0x03, 0x00, 
	0x00, 0x00, 0x00, 0x00, 0x00, 0x00, 0x00, 0x00, 
	0x00, 0x00, 0x00, 0x00, 0x00, 0x00, 0x00, 0x0a, 
	0x0a, 0x0b, 0x0b, 0x0b, 0x0b, 0x0b, 0x0b, 0x08, 
	0x02, 0x03, 0x03, 0x03, 0x03, 0x03, 0x03, 0x03, 
	0x00, 0x00, 0x00, 0x00, 0x00, 0x00, 0x00, 0x00, 
	0x00, 0x00, 0x00, 0x00, 0x00, 0x00, 0x0c, 0x0d, 
	0x0b, 0x0b, 0x0b, 0x0b, 0x0b, 0x0b, 0x0b, 0x0b, 
	0x0b, 0x06, 0x03, 0x03, 0x03, 0x03, 0x03, 0x03, 
	0x02, 0x00, 0x00, 0x00, 0x00, 0x00, 0x00, 0x00, 
	0x00, 0x00, 0x00, 0x00, 0x00, 0x0e, 0x0f, 0x0b, 
	0x0b, 0x0b, 0x0b, 0x0b, 0x0b, 0x0b, 0x0b, 0x0b, 
	0x0b, 0x0b, 0x06, 0x03, 0x03, 0x03, 0x03, 0x02, 
	0x02, 0x01, 0x00, 0x00, 0x00, 0x00, 0x00, 0x00, 
	0x00, 0x00, 0x00, 0x00, 0x00, 0x0f, 0x10, 0x0b, 
	0x10, 0x0b, 0x0b, 0x0b, 0x0b, 0x0b, 0x0b, 0x0b, 
	0x0b, 0x0b, 0x0b, 0x03, 0x03, 0x03, 0x02, 0x02, 
	0x02, 0x06, 0x00, 0x00, 0x00, 0x00, 0x00, 0x00, 
	0x00, 0x00, 0x00, 0x11, 0x11, 0x10, 0x0b, 0x12, 
	0x13, 0x14, 0x10, 0x0b, 0x0b, 0x0b, 0x10, 0x12, 
	0x15, 0x16, 0x0b, 0x0b, 0x03, 0x03, 0x03, 0x02, 
	0x06, 0x06, 0x09, 0x00, 0x00, 0x00, 0x00, 0x00, 
	0x00, 0x00, 0x00, 0x11, 0x0b, 0x10, 0x10, 0x17, 
	0x17, 0x17, 0x14, 0x10, 0x10, 0x10, 0x18, 0x17, 
	0x17, 0x18, 0x10, 0x0b, 0x06, 0x03, 0x03, 0x06, 
	0x06, 0x05, 0x05, 0x00, 0x00, 0x00, 0x00, 0x00, 
	0x00, 0x00, 0x00, 0x11, 0x10, 0x10, 0x19, 0x17, 
	0x17, 0x17, 0x17, 0x16, 0x10, 0x19, 0x17, 0x17, 
	0x17, 0x17, 0x10, 0x10, 0x0b, 0x03, 0x03, 0x03, 
	0x05, 0x05, 0x09, 0x07, 0x00, 0x00, 0x00, 0x00, 
	0x00, 0x00, 0x00, 0x11, 0x10, 0x10, 0x1a, 0x17, 
	0x17, 0x17, 0x17, 0x1b, 0x10, 0x14, 0x17, 0x1c, 
	0x1d, 0x17, 0x10, 0x10, 0x0b, 0x02, 0x03, 0x03, 
	0x09, 0x09, 0x09, 0x08, 0x00, 0x00, 0x00, 0x00, 
	0x00, 0x00, 0x00, 0x1e, 0x10, 0x10, 0x1a, 0x17, 
	0x1f, 0x20, 0x1d, 0x13, 0x16, 0x17, 0x21, 0x22, 
	0x23, 0x17, 0x16, 0x10, 0x10, 0x0a, 0x06, 0x02, 
	0x08, 0x08, 0x08, 0x08, 0x00, 0x00, 0x00, 0x00, 
	0x00, 0x00, 0x00, 0x16, 0x10, 0x10, 0x1a, 0x24, 
	0x22, 0x25, 0x26, 0x17, 0x17, 0x17, 0x27, 0x28, 
	0x1f, 0x17, 0x16, 0x10, 0x10, 0x29, 0x09, 0x09, 
	0x0a, 0x0a, 0x0a, 0x0a, 0x00, 0x00, 0x00, 0x00, 
	0x00, 0x00, 0x2a, 0x16, 0x16, 0x16, 0x19, 0x21, 
	0x28, 0x2b, 0x1f, 0x17, 0x17, 0x17, 0x21, 0x2c, 
	0x1f, 0x17, 0x16, 0x16, 0x16, 0x10, 0x0a, 0x08, 
	0x08, 0x2d, 0x2d, 0x2d, 0x00, 0x00, 0x00, 0x00, 
	0x00, 0x00, 0x2e, 0x16, 0x13, 0x17, 0x16, 0x20, 
	0x2f, 0x23, 0x30, 0x17, 0x17, 0x17, 0x17, 0x1d, 
	0x17, 0x18, 0x16, 0x16, 0x16, 0x10, 0x2d, 0x2d, 
	0x0a, 0x0d, 0x0d, 0x31, 0x00, 0x00, 0x00, 0x00, 
	0x00, 0x00, 0x1b, 0x1e, 0x13, 0x12, 0x16, 0x12, 
	0x17, 0x17, 0x17, 0x17, 0x17, 0x17, 0x17, 0x17, 
	0x17, 0x32, 0x16, 0x12, 0x15, 0x10, 0x0d, 0x0d, 
	0x0d, 0x31, 0x31, 0x0f, 0x00, 0x00, 0x00, 0x00, 
	0x00, 0x00, 0x1b, 0x14, 0x32, 0x16, 0x16, 0x16, 
	0x33, 0x14, 0x14, 0x1e, 0x16, 0x12, 0x13, 0x13, 
	0x12, 0x16, 0x16, 0x17, 0x34, 0x10, 0x31, 0x31, 
	0x31, 0x29, 0x29, 0x29, 0x00, 0x00, 0x00, 0x00, 
	0x00, 0x00, 0x00, 0x13, 0x1e, 0x16, 0x16, 0x16, 
	0x16, 0x16, 0x16, 0x16, 0x16, 0x16, 0x16, 0x16, 
	0x16, 0x16, 0x16, 0x33, 0x18, 0x10, 0x29, 0x0f, 
	0x0f, 0x35, 0x35, 0x0b, 0x00, 0x00, 0x00, 0x00, 
	0x00, 0x00, 0x00, 0x13, 0x33, 0x16, 0x16, 0x16, 
	0x1a, 0x14, 0x36, 0x13, 0x14, 0x33, 0x1e, 0x16, 
	0x16, 0x16, 0x16, 0x1e, 0x18, 0x10, 0x35, 0x35, 
	0x35, 0x10, 0x10, 0x10, 0x00, 0x00, 0x00, 0x00, 
	0x00, 0x00, 0x37, 0x38, 0x13, 0x14, 0x39, 0x18, 
	0x1a, 0x1a, 0x20, 0x1d, 0x1d, 0x1d, 0x13, 0x14, 
	0x1a, 0x1e, 0x1e, 0x33, 0x13, 0x10, 0x0b, 0x0b, 
	0x16, 0x1e, 0x1e, 0x38, 0x00, 0x00, 0x00, 0x00, 
	0x00, 0x00, 0x00, 0x19, 0x1e, 0x18, 0x1e, 0x38, 
	0x19, 0x33, 0x20, 0x3a, 0x3a, 0x13, 0x38, 0x19, 
	0x39, 0x1b, 0x3b, 0x17, 0x1e, 0x10, 0x16, 0x16, 
	0x19, 0x1a, 0x1a, 0x1a, 0x00, 0x00, 0x00, 0x00, 
	0x00, 0x00, 0x00, 0x34, 0x1e, 0x34, 0x3c, 0x15, 
	0x3c, 0x1d, 0x3d, 0x3b, 0x3b, 0x1d, 0x3e, 0x15, 
	0x3c, 0x1d, 0x3d, 0x17, 0x1e, 0x38, 0x38, 0x38, 
	0x33, 0x33, 0x1b, 0x12, 0x00, 0x00, 0x00, 0x00, 
	0x00, 0x00, 0x00, 0x11, 0x38, 0x1e, 0x1e, 0x14, 
	0x3d, 0x24, 0x20, 0x20, 0x20, 0x20, 0x1c, 0x26, 
	0x26, 0x24, 0x3b, 0x13, 0x16, 0x1a, 0x1a, 0x39, 
	0x34, 0x34, 0x34, 0x37, 0x00, 0x00, 0x00, 0x00, 
	0x00, 0x00, 0x00, 0x11, 0x39, 0x1e, 0x1e, 0x14, 
	0x1f, 0x24, 0x24, 0x24, 0x24, 0x24, 0x24, 0x24, 
	0x24, 0x24, 0x30, 0x15, 0x19, 0x32, 0x32, 0x34, 
	0x34, 0x34, 0x34, 0x00, 0x00, 0x00, 0x00, 0x00, 
	0x00, 0x00, 0x00, 0x11, 0x11, 0x38, 0x1e, 0x39, 
	0x3f, 0x3f, 0x3f, 0x3f, 0x3f, 0x3f, 0x3f, 0x3f, 
	0x3f, 0x3f, 0x1d, 0x1a, 0x34, 0x34, 0x34, 0x34, 
	0x34, 0x34, 0x34, 0x00, 0x00, 0x00, 0x00, 0x00, 
	0x00, 0x00, 0x00, 0x11, 0x11, 0x34, 0x1e, 0x38, 
	0x13, 0x3c, 0x14, 0x30, 0x27, 0x30, 0x15, 0x15, 
	0x13, 0x26, 0x17, 0x34, 0x34, 0x34, 0x34, 0x34, 
	0x34, 0x34, 0x37, 0x00, 0x00, 0x00, 0x00, 0x00, 
	0x00, 0x00, 0x00, 0x11, 0x11, 0x11, 0x1a, 0x38, 
	0x34, 0x19, 0x1a, 0x13, 0x27, 0x30, 0x38, 0x1a, 
	0x1a, 0x17, 0x14, 0x34, 0x34, 0x34, 0x34, 0x34, 
	0x34, 0x34, 0x00, 0x00, 0x00, 0x00, 0x00, 0x00, 
	0x00, 0x00, 0x00, 0x11, 0x11, 0x11, 0x34, 0x39, 
	0x38, 0x13, 0x39, 0x12, 0x20, 0x3b, 0x1e, 0x39, 
	0x15, 0x17, 0x15, 0x34, 0x34, 0x34, 0x34, 0x34, 
	0x34, 0x00, 0x00, 0x00, 0x00, 0x00, 0x00, 0x00, 
	0x00, 0x00, 0x00, 0x11, 0x11, 0x11, 0x11, 0x34, 
	0x34, 0x19, 0x1b, 0x14, 0x3c, 0x13, 0x13, 0x14, 
	0x18, 0x15, 0x34, 0x34, 0x34, 0x34, 0x34, 0x34, 
	0x37, 0x00, 0x00, 0x00, 0x00, 0x00, 0x00, 0x00, 
	0x00, 0x00, 0x00, 0x00, 0x00, 0x00, 0x00, 0x00, 
	0x34, 0x34, 0x34, 0x34, 0x34, 0x34, 0x34, 0x34, 
	0x34, 0x34, 0x34, 0x34, 0x34, 0x34, 0x34, 0x40, 
	0x00, 0x00, 0x00, 0x00, 0x00, 0x00, 0x00, 0x00, 
	0x00, 0x00, 0x00, 0x00, 0x00, 0x00, 0x00, 0x00, 
	0x00, 0x37, 0x34, 0x34, 0x34, 0x34, 0x34, 0x34, 
	0x34, 0x34, 0x34, 0x34, 0x34, 0x37, 0x00, 0x00, 
	0x00, 0x00, 0x00, 0x00, 0x00, 0x00, 0x00, 0x00, 
	0x00, 0x00, 0x00, 0x00, 0x00, 0x00, 0x00, 0x00, 
	0x00, 0x00, 0x00, 0x00, 0x00, 0x00, 0x00, 0x00, 
	0x00, 0x00, 0x00, 0x00, 0x00, 0x00, 0x00, 0x00, 
	0x00, 0x00, 0x00, 0x00, 0x00, 0x00, 0x00, 0x00, 
	
};

Texture boo_coin_Boo_Coins_Blah1_pal_rgba16[] = {
	0x00, 0x00, 0xef, 0x7a, 0xf7, 0xbd, 0xff, 0xff, 
	0xff, 0xfe, 0xe7, 0x39, 0xef, 0x7b, 0xd6, 0xb4, 
	0xd6, 0xb5, 0xde, 0xf7, 0xce, 0x73, 0x94, 0xa5, 
	0xbd, 0xee, 0xbd, 0xef, 0xb5, 0xac, 0xad, 0x6b, 
	0x8c, 0x63, 0x84, 0x20, 0x39, 0xcf, 0x08, 0x43, 
	0x21, 0x09, 0x29, 0x4b, 0x84, 0x21, 0x00, 0x01, 
	0x10, 0x85, 0x6b, 0x5b, 0x63, 0x19, 0x42, 0x11, 
	0x28, 0x01, 0x08, 0x01, 0x7b, 0xdf, 0x60, 0x01, 
	0x30, 0x01, 0x78, 0x01, 0x68, 0x43, 0x58, 0x01, 
	0x40, 0x01, 0x61, 0x09, 0x38, 0x01, 0x70, 0x01, 
	0x63, 0x5b, 0xa5, 0x29, 0x5a, 0xd6, 0x62, 0xd7, 
	0x6a, 0x53, 0xc6, 0x31, 0x73, 0x9c, 0x68, 0xc7, 
	0x18, 0x01, 0xb5, 0xad, 0x52, 0x95, 0x4a, 0x53, 
	0x31, 0x8d, 0x9c, 0xe7, 0x10, 0x43, 0x31, 0x8c, 
	0x73, 0x9d, 0x5a, 0xd7, 0x10, 0x01, 0x20, 0x01, 
	0x18, 0xc7, 0x50, 0x01, 0x18, 0x85, 0x48, 0x01, 
	0x42, 0x10, 
};

Texture boo_coin_Boo_Coins_Blah2_ci8[] = {
	0x00, 0x00, 0x00, 0x00, 0x00, 0x00, 0x00, 0x00, 
	0x00, 0x00, 0x00, 0x00, 0x00, 0x01, 0x02, 0x03, 
	0x04, 0x05, 0x02, 0x00, 0x00, 0x00, 0x00, 0x00, 
	0x00, 0x00, 0x00, 0x00, 0x00, 0x00, 0x00, 0x00, 
	0x00, 0x00, 0x00, 0x00, 0x00, 0x00, 0x00, 0x00, 
	0x00, 0x00, 0x06, 0x07, 0x05, 0x05, 0x05, 0x05, 
	0x05, 0x05, 0x05, 0x05, 0x05, 0x02, 0x00, 0x00, 
	0x00, 0x00, 0x00, 0x00, 0x00, 0x00, 0x00, 0x00, 
	0x00, 0x00, 0x00, 0x00, 0x00, 0x00, 0x00, 0x00, 
	0x06, 0x03, 0x03, 0x04, 0x05, 0x05, 0x05, 0x05, 
	0x05, 0x05, 0x05, 0x05, 0x05, 0x05, 0x05, 0x02, 
	0x00, 0x00, 0x00, 0x00, 0x00, 0x00, 0x00, 0x00, 
	0x00, 0x00, 0x00, 0x00, 0x00, 0x00, 0x00, 0x08, 
	0x07, 0x03, 0x04, 0x05, 0x09, 0x09, 0x07, 0x07, 
	0x07, 0x07, 0x07, 0x07, 0x05, 0x05, 0x05, 0x05, 
	0x05, 0x0a, 0x00, 0x00, 0x00, 0x00, 0x00, 0x00, 
	0x00, 0x00, 0x00, 0x00, 0x00, 0x0b, 0x09, 0x09, 
	0x07, 0x04, 0x09, 0x09, 0x09, 0x09, 0x09, 0x09, 
	0x07, 0x07, 0x07, 0x07, 0x07, 0x07, 0x04, 0x05, 
	0x05, 0x05, 0x0a, 0x00, 0x00, 0x00, 0x00, 0x00, 
	0x00, 0x00, 0x00, 0x00, 0x0c, 0x08, 0x08, 0x09, 
	0x09, 0x09, 0x09, 0x09, 0x09, 0x09, 0x09, 0x09, 
	0x09, 0x09, 0x07, 0x07, 0x07, 0x07, 0x07, 0x07, 
	0x05, 0x05, 0x05, 0x0a, 0x00, 0x00, 0x00, 0x00, 
	0x00, 0x00, 0x00, 0x00, 0x0d, 0x0e, 0x08, 0x09, 
	0x09, 0x09, 0x08, 0x08, 0x08, 0x09, 0x09, 0x09, 
	0x09, 0x09, 0x09, 0x07, 0x09, 0x09, 0x09, 0x07, 
	0x07, 0x05, 0x05, 0x05, 0x01, 0x00, 0x00, 0x00, 
	0x00, 0x00, 0x00, 0x0f, 0x0d, 0x0e, 0x09, 0x09, 
	0x08, 0x10, 0x11, 0x11, 0x12, 0x0e, 0x09, 0x09, 
	0x09, 0x09, 0x09, 0x0e, 0x12, 0x11, 0x11, 0x13, 
	0x07, 0x07, 0x05, 0x05, 0x05, 0x00, 0x00, 0x00, 
	0x00, 0x00, 0x14, 0x15, 0x0d, 0x08, 0x08, 0x08, 
	0x12, 0x16, 0x16, 0x16, 0x16, 0x16, 0x0e, 0x09, 
	0x09, 0x09, 0x0e, 0x16, 0x16, 0x16, 0x16, 0x16, 
	0x17, 0x07, 0x09, 0x05, 0x05, 0x09, 0x00, 0x00, 
	0x00, 0x00, 0x0f, 0x15, 0x08, 0x08, 0x08, 0x0d, 
	0x16, 0x16, 0x16, 0x16, 0x16, 0x16, 0x12, 0x09, 
	0x09, 0x09, 0x12, 0x16, 0x16, 0x16, 0x16, 0x16, 
	0x16, 0x08, 0x07, 0x09, 0x05, 0x04, 0x00, 0x00, 
	0x00, 0x18, 0x0f, 0x19, 0x08, 0x08, 0x08, 0x1a, 
	0x16, 0x16, 0x16, 0x16, 0x16, 0x16, 0x16, 0x0e, 
	0x09, 0x0e, 0x16, 0x16, 0x1b, 0x1c, 0x16, 0x16, 
	0x16, 0x19, 0x09, 0x09, 0x04, 0x03, 0x1d, 0x00, 
	0x00, 0x13, 0x1e, 0x0d, 0x08, 0x08, 0x08, 0x1a, 
	0x16, 0x16, 0x1f, 0x20, 0x21, 0x16, 0x16, 0x22, 
	0x08, 0x22, 0x16, 0x23, 0x24, 0x24, 0x25, 0x16, 
	0x16, 0x19, 0x09, 0x09, 0x07, 0x03, 0x07, 0x00, 
	0x00, 0x26, 0x1e, 0x08, 0x08, 0x08, 0x08, 0x0e, 
	0x16, 0x16, 0x27, 0x28, 0x29, 0x2a, 0x16, 0x16, 
	0x11, 0x16, 0x16, 0x2b, 0x2c, 0x2c, 0x20, 0x16, 
	0x16, 0x08, 0x09, 0x09, 0x09, 0x07, 0x07, 0x00, 
	0x2d, 0x26, 0x1a, 0x0e, 0x08, 0x1a, 0x1e, 0x08, 
	0x11, 0x2a, 0x2e, 0x05, 0x2e, 0x2f, 0x16, 0x16, 
	0x16, 0x16, 0x16, 0x30, 0x31, 0x31, 0x23, 0x16, 
	0x17, 0x09, 0x0f, 0x1e, 0x09, 0x07, 0x09, 0x00, 
	0x18, 0x32, 0x26, 0x0e, 0x0e, 0x12, 0x16, 0x0e, 
	0x33, 0x16, 0x34, 0x27, 0x20, 0x35, 0x16, 0x16, 
	0x16, 0x16, 0x16, 0x16, 0x35, 0x35, 0x16, 0x16, 
	0x1a, 0x08, 0x16, 0x17, 0x08, 0x07, 0x09, 0x00, 
	0x22, 0x33, 0x26, 0x0e, 0x0d, 0x11, 0x26, 0x0e, 
	0x08, 0x33, 0x16, 0x16, 0x16, 0x16, 0x16, 0x11, 
	0x36, 0x11, 0x16, 0x16, 0x16, 0x16, 0x16, 0x26, 
	0x09, 0x09, 0x32, 0x11, 0x0e, 0x07, 0x08, 0x00, 
	0x22, 0x37, 0x32, 0x0e, 0x22, 0x13, 0x0e, 0x0e, 
	0x0e, 0x0e, 0x0d, 0x36, 0x38, 0x38, 0x36, 0x0e, 
	0x08, 0x0e, 0x36, 0x38, 0x38, 0x36, 0x0d, 0x09, 
	0x09, 0x09, 0x09, 0x10, 0x22, 0x09, 0x0e, 0x00, 
	0x22, 0x39, 0x36, 0x0d, 0x11, 0x0d, 0x0e, 0x0e, 
	0x0e, 0x0e, 0x0e, 0x0e, 0x08, 0x0e, 0x0e, 0x0e, 
	0x0e, 0x0e, 0x0e, 0x0e, 0x08, 0x08, 0x08, 0x08, 
	0x08, 0x09, 0x09, 0x08, 0x17, 0x09, 0x0e, 0x00, 
	0x3a, 0x10, 0x37, 0x0d, 0x11, 0x36, 0x0e, 0x0e, 
	0x0e, 0x0e, 0x0d, 0x36, 0x3b, 0x3c, 0x3d, 0x3d, 
	0x3d, 0x3d, 0x3d, 0x3c, 0x38, 0x36, 0x0e, 0x08, 
	0x08, 0x08, 0x08, 0x33, 0x17, 0x0e, 0x0d, 0x00, 
	0x00, 0x38, 0x10, 0x0e, 0x15, 0x12, 0x22, 0x37, 
	0x3e, 0x22, 0x36, 0x3f, 0x40, 0x34, 0x34, 0x34, 
	0x34, 0x34, 0x34, 0x34, 0x30, 0x41, 0x37, 0x42, 
	0x38, 0x36, 0x22, 0x12, 0x0d, 0x15, 0x15, 0x00, 
	0x00, 0x22, 0x43, 0x0f, 0x0e, 0x0e, 0x1a, 0x10, 
	0x05, 0x05, 0x05, 0x44, 0x45, 0x45, 0x45, 0x45, 
	0x45, 0x45, 0x45, 0x45, 0x45, 0x46, 0x05, 0x05, 
	0x05, 0x3e, 0x0f, 0x08, 0x08, 0x19, 0x19, 0x00, 
	0x00, 0x3a, 0x22, 0x43, 0x0e, 0x0e, 0x0d, 0x17, 
	0x19, 0x15, 0x26, 0x47, 0x21, 0x21, 0x21, 0x21, 
	0x21, 0x21, 0x21, 0x21, 0x25, 0x48, 0x26, 0x15, 
	0x19, 0x42, 0x08, 0x08, 0x15, 0x0f, 0x37, 0x00, 
	0x00, 0x00, 0x22, 0x22, 0x15, 0x0e, 0x0e, 0x0d, 
	0x15, 0x49, 0x4a, 0x4a, 0x4b, 0x4b, 0x4b, 0x4b, 
	0x4b, 0x4b, 0x4b, 0x4b, 0x4b, 0x1b, 0x4c, 0x11, 
	0x0e, 0x08, 0x0e, 0x08, 0x1e, 0x1e, 0x4d, 0x00, 
	0x00, 0x00, 0x3a, 0x22, 0x22, 0x0d, 0x0e, 0x0e, 
	0x0d, 0x37, 0x25, 0x2b, 0x2b, 0x2b, 0x2b, 0x2b, 
	0x2b, 0x2b, 0x2b, 0x2b, 0x2b, 0x2b, 0x4e, 0x33, 
	0x08, 0x08, 0x0e, 0x0f, 0x1a, 0x32, 0x00, 0x00, 
	0x00, 0x00, 0x00, 0x22, 0x22, 0x37, 0x0e, 0x0e, 
	0x0e, 0x0d, 0x3f, 0x4f, 0x4f, 0x4f, 0x4f, 0x4f, 
	0x4f, 0x4f, 0x4f, 0x4f, 0x4f, 0x4b, 0x11, 0x0e, 
	0x08, 0x0e, 0x0d, 0x26, 0x32, 0x00, 0x00, 0x00, 
	0x00, 0x00, 0x00, 0x3a, 0x22, 0x22, 0x33, 0x0d, 
	0x0e, 0x0e, 0x38, 0x50, 0x50, 0x23, 0x51, 0x20, 
	0x20, 0x20, 0x52, 0x53, 0x54, 0x11, 0x55, 0x0e, 
	0x0e, 0x0d, 0x32, 0x33, 0x56, 0x00, 0x00, 0x00, 
	0x00, 0x00, 0x00, 0x00, 0x56, 0x22, 0x22, 0x36, 
	0x0d, 0x0e, 0x37, 0x1e, 0x05, 0x07, 0x1b, 0x57, 
	0x57, 0x57, 0x58, 0x07, 0x05, 0x26, 0x33, 0x0e, 
	0x15, 0x36, 0x37, 0x22, 0x56, 0x00, 0x00, 0x00, 
	0x00, 0x00, 0x00, 0x00, 0x56, 0x56, 0x22, 0x22, 
	0x22, 0x0d, 0x0d, 0x17, 0x07, 0x05, 0x59, 0x57, 
	0x57, 0x57, 0x5a, 0x05, 0x07, 0x12, 0x0d, 0x33, 
	0x39, 0x13, 0x38, 0x56, 0x56, 0x00, 0x00, 0x00, 
	0x00, 0x00, 0x00, 0x00, 0x56, 0x56, 0x56, 0x22, 
	0x22, 0x22, 0x22, 0x19, 0x38, 0x43, 0x50, 0x5b, 
	0x5b, 0x5b, 0x42, 0x3e, 0x38, 0x36, 0x55, 0x43, 
	0x43, 0x56, 0x56, 0x56, 0x56, 0x00, 0x00, 0x00, 
	0x00, 0x00, 0x00, 0x00, 0x00, 0x00, 0x00, 0x00, 
	0x22, 0x22, 0x22, 0x22, 0x22, 0x22, 0x36, 0x1a, 
	0x1e, 0x26, 0x55, 0x22, 0x22, 0x22, 0x22, 0x22, 
	0x00, 0x00, 0x00, 0x00, 0x00, 0x00, 0x00, 0x00, 
	0x00, 0x00, 0x00, 0x00, 0x00, 0x00, 0x00, 0x00, 
	0x00, 0x00, 0x3a, 0x22, 0x22, 0x22, 0x22, 0x22, 
	0x22, 0x22, 0x22, 0x22, 0x22, 0x22, 0x3a, 0x00, 
	0x00, 0x00, 0x00, 0x00, 0x00, 0x00, 0x00, 0x00, 
	0x00, 0x00, 0x00, 0x00, 0x00, 0x00, 0x00, 0x00, 
	0x00, 0x00, 0x00, 0x00, 0x00, 0x00, 0x00, 0x00, 
	0x00, 0x00, 0x00, 0x00, 0x00, 0x00, 0x00, 0x00, 
	0x00, 0x00, 0x00, 0x00, 0x00, 0x00, 0x00, 0x00, 
	
};

Texture boo_coin_Boo_Coins_Blah2_pal_rgba16[] = {
	0x00, 0x00, 0xef, 0x7a, 0xff, 0xfe, 0xef, 0x7b, 
	0xf7, 0xbd, 0xff, 0xff, 0xde, 0xf6, 0xe7, 0x39, 
	0xd6, 0xb5, 0xde, 0xf7, 0xf7, 0xbc, 0xbd, 0xee, 
	0xad, 0x6a, 0xc6, 0x31, 0xce, 0x73, 0xad, 0x6b, 
	0x5a, 0xd7, 0x08, 0x43, 0x10, 0x85, 0x63, 0x19, 
	0x9c, 0xe6, 0xbd, 0xef, 0x00, 0x01, 0x18, 0xc7, 
	0x6b, 0x5a, 0xb5, 0xad, 0x9c, 0xe7, 0xa0, 0x01, 
	0x68, 0x01, 0xe7, 0x38, 0xa5, 0x29, 0x28, 0x01, 
	0xe8, 0x01, 0x98, 0x01, 0x31, 0x8d, 0x60, 0x01, 
	0xf8, 0x85, 0x90, 0x01, 0x94, 0xa5, 0xf0, 0x43, 
	0xfd, 0xad, 0xf9, 0xcf, 0x10, 0x01, 0xc0, 0x01, 
	0xff, 0xbd, 0x4a, 0x52, 0xfa, 0x11, 0x40, 0x43, 
	0x58, 0x01, 0xfb, 0x19, 0x8c, 0x63, 0x84, 0x21, 
	0x70, 0x01, 0x08, 0x01, 0x7b, 0xdf, 0x73, 0x9d, 
	0x39, 0xcf, 0x6b, 0x5b, 0x31, 0x8c, 0x41, 0xcf, 
	0x10, 0x43, 0x28, 0x43, 0x42, 0x11, 0x20, 0x43, 
	0x78, 0x01, 0x18, 0xc9, 0x21, 0x09, 0x4a, 0x53, 
	0x5a, 0x11, 0x80, 0x01, 0x5a, 0xd9, 0x30, 0x43, 
	0x18, 0x85, 0x18, 0x43, 0xb0, 0x01, 0xa8, 0x01, 
	0x88, 0x01, 0x63, 0x18, 0x18, 0x03, 0xd0, 0x01, 
	0x20, 0xc7, 0xe0, 0x01, 0xc8, 0x01, 0x18, 0x01, 
	0x29, 0x4b, 0x52, 0x95, 0x84, 0x20, 0xf8, 0x01, 
	0x68, 0x03, 0x38, 0x43, 0x30, 0xc9, 0x48, 0x43, 
	
};

Texture boo_coin_Boo_Coins_Blah3_ci8[] = {
	0x00, 0x00, 0x00, 0x00, 0x00, 0x00, 0x00, 0x00, 
	0x00, 0x00, 0x00, 0x01, 0x02, 0x03, 0x03, 0x03, 
	0x04, 0x05, 0x06, 0x07, 0x00, 0x00, 0x00, 0x00, 
	0x00, 0x00, 0x00, 0x00, 0x00, 0x00, 0x00, 0x00, 
	0x00, 0x00, 0x00, 0x00, 0x00, 0x00, 0x00, 0x00, 
	0x00, 0x00, 0x08, 0x08, 0x03, 0x03, 0x06, 0x06, 
	0x06, 0x06, 0x06, 0x06, 0x06, 0x07, 0x00, 0x00, 
	0x00, 0x00, 0x00, 0x00, 0x00, 0x00, 0x00, 0x00, 
	0x00, 0x00, 0x00, 0x00, 0x00, 0x00, 0x00, 0x00, 
	0x09, 0x0a, 0x08, 0x08, 0x05, 0x06, 0x06, 0x06, 
	0x06, 0x06, 0x06, 0x06, 0x06, 0x06, 0x06, 0x00, 
	0x00, 0x00, 0x00, 0x00, 0x00, 0x00, 0x00, 0x00, 
	0x00, 0x00, 0x00, 0x00, 0x00, 0x00, 0x00, 0x0b, 
	0x0c, 0x0a, 0x0a, 0x06, 0x06, 0x06, 0x06, 0x06, 
	0x04, 0x04, 0x04, 0x04, 0x04, 0x04, 0x06, 0x06, 
	0x00, 0x00, 0x00, 0x00, 0x00, 0x00, 0x00, 0x00, 
	0x00, 0x00, 0x00, 0x00, 0x00, 0x00, 0x0d, 0x0e, 
	0x0c, 0x0c, 0x06, 0x06, 0x06, 0x06, 0x04, 0x04, 
	0x04, 0x04, 0x04, 0x04, 0x04, 0x04, 0x04, 0x0f, 
	0x05, 0x00, 0x00, 0x00, 0x00, 0x00, 0x00, 0x00, 
	0x00, 0x00, 0x00, 0x00, 0x00, 0x10, 0x11, 0x11, 
	0x0e, 0x0a, 0x06, 0x06, 0x06, 0x04, 0x04, 0x04, 
	0x04, 0x04, 0x04, 0x04, 0x04, 0x04, 0x04, 0x04, 
	0x04, 0x12, 0x00, 0x00, 0x00, 0x00, 0x00, 0x00, 
	0x00, 0x00, 0x00, 0x00, 0x00, 0x13, 0x14, 0x11, 
	0x11, 0x06, 0x06, 0x06, 0x04, 0x04, 0x04, 0x04, 
	0x04, 0x04, 0x04, 0x04, 0x04, 0x04, 0x04, 0x03, 
	0x04, 0x0f, 0x00, 0x00, 0x00, 0x00, 0x00, 0x00, 
	0x00, 0x00, 0x00, 0x00, 0x15, 0x13, 0x13, 0x14, 
	0x08, 0x06, 0x06, 0x06, 0x04, 0x04, 0x08, 0x16, 
	0x17, 0x03, 0x04, 0x04, 0x04, 0x03, 0x18, 0x19, 
	0x1a, 0x04, 0x0f, 0x15, 0x15, 0x00, 0x00, 0x00, 
	0x00, 0x00, 0x00, 0x00, 0x0b, 0x1b, 0x1b, 0x13, 
	0x06, 0x06, 0x06, 0x04, 0x04, 0x04, 0x1c, 0x1d, 
	0x1d, 0x1e, 0x04, 0x04, 0x04, 0x18, 0x1d, 0x1d, 
	0x1d, 0x03, 0x04, 0x15, 0x15, 0x00, 0x00, 0x00, 
	0x00, 0x00, 0x00, 0x00, 0x1f, 0x0b, 0x0b, 0x1b, 
	0x06, 0x06, 0x06, 0x04, 0x04, 0x03, 0x1d, 0x1d, 
	0x1d, 0x1d, 0x14, 0x04, 0x08, 0x1d, 0x1d, 0x1d, 
	0x1d, 0x11, 0x04, 0x15, 0x15, 0x00, 0x00, 0x00, 
	0x00, 0x00, 0x00, 0x20, 0x21, 0x22, 0x1f, 0x0a, 
	0x05, 0x06, 0x04, 0x04, 0x04, 0x03, 0x1d, 0x1d, 
	0x1d, 0x1d, 0x18, 0x04, 0x17, 0x1d, 0x23, 0x24, 
	0x1d, 0x11, 0x04, 0x04, 0x15, 0x00, 0x00, 0x00, 
	0x00, 0x00, 0x00, 0x17, 0x25, 0x21, 0x22, 0x03, 
	0x0f, 0x06, 0x03, 0x03, 0x03, 0x03, 0x1d, 0x23, 
	0x26, 0x27, 0x1d, 0x08, 0x19, 0x28, 0x29, 0x2a, 
	0x2b, 0x11, 0x03, 0x03, 0x15, 0x00, 0x00, 0x00, 
	0x00, 0x00, 0x00, 0x1a, 0x17, 0x2c, 0x21, 0x08, 
	0x03, 0x06, 0x03, 0x03, 0x03, 0x03, 0x2d, 0x2a, 
	0x2e, 0x2a, 0x2f, 0x19, 0x1d, 0x30, 0x31, 0x32, 
	0x26, 0x11, 0x03, 0x03, 0x15, 0x00, 0x00, 0x00, 
	0x00, 0x00, 0x33, 0x16, 0x34, 0x17, 0x2c, 0x0a, 
	0x08, 0x0f, 0x03, 0x03, 0x03, 0x03, 0x27, 0x2e, 
	0x06, 0x2e, 0x35, 0x1d, 0x1d, 0x36, 0x37, 0x38, 
	0x39, 0x11, 0x08, 0x08, 0x15, 0x00, 0x00, 0x00, 
	0x00, 0x00, 0x33, 0x3a, 0x18, 0x3b, 0x1a, 0x0c, 
	0x0a, 0x04, 0x03, 0x03, 0x03, 0x03, 0x3c, 0x3d, 
	0x2e, 0x3e, 0x2f, 0x1d, 0x1d, 0x2f, 0x24, 0x24, 
	0x19, 0x08, 0x1d, 0x1e, 0x15, 0x00, 0x00, 0x00, 
	0x00, 0x00, 0x16, 0x3a, 0x3a, 0x3a, 0x3b, 0x0e, 
	0x0c, 0x03, 0x03, 0x16, 0x17, 0x03, 0x22, 0x1d, 
	0x2f, 0x1d, 0x1d, 0x19, 0x1d, 0x1d, 0x1d, 0x1d, 
	0x2c, 0x03, 0x17, 0x19, 0x00, 0x00, 0x00, 0x00, 
	0x00, 0x00, 0x16, 0x3a, 0x3a, 0x3a, 0x18, 0x11, 
	0x0e, 0x03, 0x03, 0x34, 0x1d, 0x03, 0x03, 0x17, 
	0x19, 0x19, 0x17, 0x03, 0x0a, 0x16, 0x18, 0x22, 
	0x03, 0x03, 0x03, 0x21, 0x1c, 0x00, 0x00, 0x00, 
	0x00, 0x00, 0x33, 0x3a, 0x3a, 0x3a, 0x3a, 0x14, 
	0x11, 0x03, 0x08, 0x1c, 0x1f, 0x03, 0x03, 0x03, 
	0x03, 0x03, 0x03, 0x03, 0x03, 0x03, 0x03, 0x03, 
	0x03, 0x03, 0x03, 0x08, 0x1c, 0x00, 0x00, 0x00, 
	0x00, 0x00, 0x33, 0x3a, 0x3a, 0x3a, 0x3a, 0x13, 
	0x14, 0x03, 0x08, 0x19, 0x08, 0x03, 0x03, 0x03, 
	0x03, 0x08, 0x22, 0x3f, 0x40, 0x41, 0x18, 0x14, 
	0x03, 0x03, 0x03, 0x21, 0x19, 0x00, 0x00, 0x00, 
	0x00, 0x00, 0x33, 0x3a, 0x3a, 0x3a, 0x3a, 0x1b, 
	0x13, 0x0c, 0x03, 0x1c, 0x21, 0x08, 0x08, 0x13, 
	0x18, 0x42, 0x23, 0x43, 0x44, 0x19, 0x0f, 0x0b, 
	0x1e, 0x1b, 0x3a, 0x1e, 0x45, 0x00, 0x00, 0x00, 
	0x00, 0x00, 0x00, 0x3a, 0x3a, 0x3a, 0x3a, 0x0b, 
	0x1b, 0x13, 0x03, 0x0a, 0x24, 0x2f, 0x0e, 0x0c, 
	0x05, 0x06, 0x46, 0x28, 0x28, 0x47, 0x05, 0x06, 
	0x05, 0x05, 0x1e, 0x03, 0x15, 0x00, 0x00, 0x00, 
	0x00, 0x00, 0x00, 0x3a, 0x3a, 0x3a, 0x3a, 0x25, 
	0x1f, 0x1b, 0x03, 0x08, 0x2b, 0x48, 0x49, 0x11, 
	0x11, 0x4a, 0x4b, 0x4b, 0x4b, 0x48, 0x49, 0x11, 
	0x11, 0x18, 0x17, 0x08, 0x15, 0x00, 0x00, 0x00, 
	0x00, 0x00, 0x00, 0x33, 0x3a, 0x3a, 0x3a, 0x3a, 
	0x22, 0x1f, 0x08, 0x03, 0x4c, 0x4d, 0x4b, 0x4e, 
	0x4e, 0x4d, 0x4e, 0x4e, 0x4e, 0x4e, 0x4b, 0x28, 
	0x3b, 0x08, 0x08, 0x15, 0x15, 0x00, 0x00, 0x00, 
	0x00, 0x00, 0x00, 0x00, 0x3a, 0x3a, 0x3a, 0x3a, 
	0x25, 0x22, 0x1f, 0x03, 0x18, 0x30, 0x30, 0x30, 
	0x30, 0x30, 0x30, 0x30, 0x30, 0x30, 0x30, 0x4f, 
	0x1a, 0x03, 0x08, 0x15, 0x15, 0x00, 0x00, 0x00, 
	0x00, 0x00, 0x00, 0x00, 0x33, 0x3a, 0x3a, 0x3a, 
	0x3a, 0x25, 0x21, 0x0a, 0x13, 0x50, 0x51, 0x51, 
	0x51, 0x51, 0x51, 0x51, 0x51, 0x51, 0x51, 0x52, 
	0x14, 0x08, 0x1f, 0x15, 0x15, 0x00, 0x00, 0x00, 
	0x00, 0x00, 0x00, 0x00, 0x00, 0x3a, 0x3a, 0x3a, 
	0x3a, 0x1a, 0x2c, 0x25, 0x08, 0x53, 0x54, 0x55, 
	0x56, 0x57, 0x30, 0x4e, 0x47, 0x56, 0x58, 0x19, 
	0x08, 0x08, 0x15, 0x15, 0x15, 0x00, 0x00, 0x00, 
	0x00, 0x00, 0x00, 0x00, 0x00, 0x33, 0x3a, 0x3a, 
	0x3a, 0x3a, 0x34, 0x17, 0x22, 0x34, 0x59, 0x06, 
	0x06, 0x05, 0x30, 0x5a, 0x13, 0x06, 0x0b, 0x2c, 
	0x08, 0x2c, 0x15, 0x15, 0x15, 0x00, 0x00, 0x00, 
	0x00, 0x00, 0x00, 0x00, 0x00, 0x00, 0x3a, 0x3a, 
	0x3a, 0x3a, 0x18, 0x3b, 0x1a, 0x22, 0x1e, 0x04, 
	0x06, 0x0c, 0x5b, 0x5c, 0x05, 0x0c, 0x1c, 0x0a, 
	0x17, 0x15, 0x15, 0x15, 0x15, 0x00, 0x00, 0x00, 
	0x00, 0x00, 0x00, 0x00, 0x00, 0x00, 0x00, 0x3a, 
	0x3a, 0x3a, 0x3a, 0x3a, 0x18, 0x3b, 0x34, 0x1a, 
	0x16, 0x1c, 0x35, 0x3a, 0x16, 0x21, 0x11, 0x34, 
	0x15, 0x15, 0x15, 0x15, 0x15, 0x00, 0x00, 0x00, 
	0x00, 0x00, 0x00, 0x00, 0x00, 0x00, 0x00, 0x00, 
	0x3a, 0x3a, 0x3a, 0x3a, 0x3a, 0x3a, 0x3a, 0x16, 
	0x3b, 0x1f, 0x11, 0x11, 0x21, 0x3b, 0x3a, 0x5d, 
	0x00, 0x00, 0x00, 0x00, 0x00, 0x00, 0x00, 0x00, 
	0x00, 0x00, 0x00, 0x00, 0x00, 0x00, 0x00, 0x00, 
	0x00, 0x33, 0x3a, 0x3a, 0x3a, 0x3a, 0x3a, 0x3a, 
	0x3a, 0x3a, 0x3a, 0x3a, 0x3a, 0x33, 0x00, 0x00, 
	0x00, 0x00, 0x00, 0x00, 0x00, 0x00, 0x00, 0x00, 
	0x00, 0x00, 0x00, 0x00, 0x00, 0x00, 0x00, 0x00, 
	0x00, 0x00, 0x00, 0x00, 0x00, 0x00, 0x00, 0x00, 
	0x00, 0x00, 0x00, 0x00, 0x00, 0x00, 0x00, 0x00, 
	0x00, 0x00, 0x00, 0x00, 0x00, 0x00, 0x00, 0x00, 
	
};

Texture boo_coin_Boo_Coins_Blah3_pal_rgba16[] = {
	0x00, 0x00, 0xd6, 0xb4, 0xde, 0xf6, 0xde, 0xf7, 
	0xe7, 0x39, 0xf7, 0xbd, 0xff, 0xff, 0xff, 0xfe, 
	0xd6, 0xb5, 0xc6, 0x30, 0xce, 0x73, 0x94, 0xa5, 
	0xc6, 0x31, 0xa5, 0x28, 0xbd, 0xef, 0xef, 0x7b, 
	0x94, 0xa4, 0xb5, 0xad, 0xf7, 0xbc, 0xa5, 0x29, 
	0xad, 0x6b, 0x84, 0x20, 0x42, 0x11, 0x63, 0x19, 
	0x39, 0xcf, 0x08, 0x43, 0x5a, 0xd7, 0x9c, 0xe7, 
	0x10, 0x85, 0x00, 0x01, 0x18, 0xc7, 0x8c, 0x63, 
	0x5a, 0xd6, 0x7b, 0xdf, 0x84, 0x21, 0x48, 0x01, 
	0x38, 0x01, 0x73, 0x9d, 0xb8, 0x01, 0x60, 0x01, 
	0x80, 0x01, 0xf8, 0x01, 0xf8, 0x43, 0x40, 0x01, 
	0x6b, 0x5b, 0x18, 0x01, 0xfa, 0x11, 0x08, 0x01, 
	0xc0, 0x01, 0xfc, 0xa5, 0xff, 0x7b, 0x31, 0x8c, 
	0x52, 0x95, 0x40, 0x43, 0xa0, 0x01, 0xfb, 0x19, 
	0xff, 0x39, 0x68, 0x43, 0x31, 0x8d, 0x4a, 0x53, 
	0x28, 0x85, 0xe8, 0x01, 0xf0, 0x85, 0x39, 0x8d, 
	0x20, 0x43, 0x10, 0x43, 0x29, 0x4b, 0x78, 0x01, 
	0x70, 0x01, 0x08, 0x42, 0x50, 0x43, 0x10, 0x45, 
	0x30, 0x01, 0x20, 0xc7, 0x49, 0xcf, 0x98, 0x01, 
	0x18, 0x43, 0xb0, 0x01, 0xa8, 0x01, 0x40, 0x03, 
	0x90, 0x01, 0xd0, 0x01, 0x08, 0x03, 0x28, 0x01, 
	0x20, 0x03, 0x31, 0x4b, 0x5a, 0x95, 0x41, 0xcf, 
	0x18, 0x85, 0x4a, 0x95, 0x90, 0x03, 0xc8, 0x01, 
	0x48, 0xc7, 0x42, 0x10, 
};

Texture boo_coin_Boo_Coins_Dizzy1_ci8[] = {
	0x00, 0x00, 0x00, 0x00, 0x00, 0x00, 0x00, 0x00, 
	0x00, 0x00, 0x00, 0x01, 0x01, 0x02, 0x03, 0x03, 
	0x03, 0x03, 0x03, 0x04, 0x00, 0x00, 0x00, 0x00, 
	0x00, 0x00, 0x00, 0x00, 0x00, 0x00, 0x00, 0x00, 
	0x00, 0x00, 0x00, 0x00, 0x00, 0x00, 0x00, 0x00, 
	0x00, 0x00, 0x05, 0x05, 0x05, 0x06, 0x06, 0x02, 
	0x03, 0x03, 0x03, 0x03, 0x03, 0x04, 0x00, 0x00, 
	0x00, 0x00, 0x00, 0x00, 0x00, 0x00, 0x00, 0x00, 
	0x00, 0x00, 0x00, 0x00, 0x00, 0x00, 0x00, 0x00, 
	0x07, 0x08, 0x09, 0x09, 0x09, 0x05, 0x06, 0x02, 
	0x02, 0x03, 0x03, 0x03, 0x03, 0x03, 0x03, 0x00, 
	0x00, 0x00, 0x00, 0x00, 0x00, 0x00, 0x00, 0x00, 
	0x00, 0x00, 0x00, 0x00, 0x00, 0x00, 0x00, 0x0a, 
	0x0a, 0x0b, 0x0b, 0x0b, 0x0b, 0x0b, 0x0b, 0x08, 
	0x02, 0x03, 0x03, 0x03, 0x03, 0x03, 0x03, 0x03, 
	0x00, 0x00, 0x00, 0x00, 0x00, 0x00, 0x00, 0x00, 
	0x00, 0x00, 0x00, 0x00, 0x00, 0x00, 0x0c, 0x0d, 
	0x0b, 0x0b, 0x0b, 0x0b, 0x0b, 0x0b, 0x0b, 0x0b, 
	0x0b, 0x06, 0x03, 0x03, 0x03, 0x03, 0x03, 0x03, 
	0x02, 0x00, 0x00, 0x00, 0x00, 0x00, 0x00, 0x00, 
	0x00, 0x00, 0x00, 0x00, 0x00, 0x0e, 0x0f, 0x0b, 
	0x0b, 0x0b, 0x0b, 0x10, 0x11, 0x0b, 0x0b, 0x0b, 
	0x0b, 0x0b, 0x06, 0x03, 0x03, 0x03, 0x03, 0x02, 
	0x02, 0x01, 0x00, 0x00, 0x00, 0x00, 0x00, 0x00, 
	0x00, 0x00, 0x00, 0x00, 0x00, 0x0f, 0x11, 0x0b, 
	0x0b, 0x0b, 0x11, 0x12, 0x11, 0x0b, 0x0b, 0x0b, 
	0x0b, 0x0b, 0x0b, 0x03, 0x03, 0x03, 0x02, 0x02, 
	0x02, 0x06, 0x00, 0x00, 0x00, 0x00, 0x00, 0x00, 
	0x00, 0x00, 0x00, 0x00, 0x13, 0x11, 0x0b, 0x0b, 
	0x0b, 0x14, 0x15, 0x15, 0x0b, 0x0b, 0x0b, 0x0b, 
	0x0b, 0x0b, 0x0b, 0x0b, 0x03, 0x03, 0x03, 0x02, 
	0x06, 0x06, 0x09, 0x00, 0x00, 0x00, 0x00, 0x00, 
	0x00, 0x00, 0x00, 0x00, 0x0b, 0x11, 0x16, 0x10, 
	0x15, 0x12, 0x15, 0x14, 0x11, 0x11, 0x11, 0x11, 
	0x11, 0x11, 0x11, 0x0b, 0x06, 0x03, 0x03, 0x06, 
	0x06, 0x05, 0x05, 0x00, 0x00, 0x00, 0x00, 0x00, 
	0x00, 0x00, 0x00, 0x00, 0x11, 0x11, 0x11, 0x11, 
	0x14, 0x17, 0x18, 0x10, 0x16, 0x19, 0x19, 0x11, 
	0x11, 0x11, 0x11, 0x11, 0x0b, 0x03, 0x03, 0x03, 
	0x05, 0x05, 0x09, 0x07, 0x00, 0x00, 0x00, 0x00, 
	0x00, 0x00, 0x00, 0x1a, 0x14, 0x1b, 0x15, 0x15, 
	0x10, 0x17, 0x1b, 0x12, 0x19, 0x19, 0x15, 0x11, 
	0x11, 0x11, 0x11, 0x19, 0x0b, 0x02, 0x03, 0x03, 
	0x09, 0x09, 0x09, 0x08, 0x00, 0x00, 0x00, 0x00, 
	0x00, 0x00, 0x00, 0x1c, 0x14, 0x12, 0x1d, 0x14, 
	0x14, 0x17, 0x19, 0x15, 0x18, 0x11, 0x1b, 0x15, 
	0x1b, 0x1b, 0x15, 0x18, 0x11, 0x0a, 0x06, 0x02, 
	0x08, 0x08, 0x08, 0x08, 0x00, 0x00, 0x00, 0x00, 
	0x00, 0x00, 0x00, 0x14, 0x11, 0x15, 0x1e, 0x12, 
	0x15, 0x1f, 0x15, 0x1b, 0x1e, 0x11, 0x18, 0x18, 
	0x20, 0x12, 0x14, 0x11, 0x11, 0x21, 0x09, 0x09, 
	0x0a, 0x0a, 0x0a, 0x0a, 0x00, 0x00, 0x00, 0x00, 
	0x00, 0x00, 0x22, 0x14, 0x14, 0x1b, 0x1e, 0x15, 
	0x23, 0x14, 0x12, 0x17, 0x1e, 0x14, 0x1e, 0x19, 
	0x17, 0x24, 0x19, 0x14, 0x14, 0x11, 0x0a, 0x08, 
	0x08, 0x25, 0x25, 0x25, 0x00, 0x00, 0x00, 0x00, 
	0x00, 0x00, 0x26, 0x14, 0x14, 0x1f, 0x10, 0x15, 
	0x27, 0x1e, 0x1b, 0x17, 0x1b, 0x14, 0x10, 0x16, 
	0x17, 0x1f, 0x19, 0x14, 0x14, 0x11, 0x25, 0x25, 
	0x0a, 0x0d, 0x0d, 0x28, 0x00, 0x00, 0x00, 0x00, 
	0x00, 0x00, 0x23, 0x14, 0x14, 0x17, 0x15, 0x1b, 
	0x15, 0x14, 0x14, 0x1f, 0x1d, 0x10, 0x20, 0x1f, 
	0x19, 0x15, 0x19, 0x14, 0x14, 0x11, 0x0d, 0x0d, 
	0x0d, 0x28, 0x28, 0x0f, 0x00, 0x00, 0x00, 0x00, 
	0x00, 0x00, 0x23, 0x14, 0x14, 0x1c, 0x12, 0x20, 
	0x12, 0x1b, 0x1b, 0x12, 0x1d, 0x1b, 0x19, 0x27, 
	0x1b, 0x1f, 0x14, 0x14, 0x14, 0x11, 0x28, 0x28, 
	0x28, 0x21, 0x21, 0x21, 0x00, 0x00, 0x00, 0x00, 
	0x00, 0x00, 0x26, 0x14, 0x14, 0x1c, 0x12, 0x23, 
	0x20, 0x17, 0x1c, 0x1c, 0x16, 0x15, 0x27, 0x14, 
	0x14, 0x14, 0x14, 0x14, 0x14, 0x11, 0x21, 0x0f, 
	0x0f, 0x29, 0x29, 0x0b, 0x00, 0x00, 0x00, 0x00, 
	0x00, 0x00, 0x2a, 0x1c, 0x14, 0x14, 0x15, 0x15, 
	0x1d, 0x10, 0x10, 0x1b, 0x1b, 0x1b, 0x27, 0x14, 
	0x14, 0x14, 0x14, 0x14, 0x14, 0x11, 0x29, 0x29, 
	0x29, 0x11, 0x11, 0x11, 0x00, 0x00, 0x00, 0x00, 
	0x00, 0x00, 0x2b, 0x1c, 0x1c, 0x1c, 0x1c, 0x1c, 
	0x16, 0x15, 0x17, 0x1c, 0x1c, 0x1c, 0x1c, 0x1c, 
	0x1c, 0x1c, 0x1c, 0x1c, 0x1c, 0x11, 0x0b, 0x0b, 
	0x14, 0x1c, 0x1c, 0x16, 0x00, 0x00, 0x00, 0x00, 
	0x00, 0x00, 0x00, 0x19, 0x1c, 0x1c, 0x1c, 0x1c, 
	0x1b, 0x1e, 0x1c, 0x1c, 0x1c, 0x1c, 0x1c, 0x1c, 
	0x1c, 0x1c, 0x1c, 0x1c, 0x1c, 0x11, 0x14, 0x14, 
	0x19, 0x17, 0x17, 0x17, 0x00, 0x00, 0x00, 0x00, 
	0x00, 0x00, 0x00, 0x1e, 0x1c, 0x1c, 0x1c, 0x1c, 
	0x1b, 0x1e, 0x1c, 0x20, 0x20, 0x20, 0x1c, 0x1c, 
	0x1c, 0x1c, 0x1c, 0x1c, 0x14, 0x16, 0x16, 0x16, 
	0x27, 0x27, 0x23, 0x1f, 0x00, 0x00, 0x00, 0x00, 
	0x00, 0x00, 0x00, 0x2b, 0x16, 0x1c, 0x1c, 0x1c, 
	0x1c, 0x20, 0x23, 0x2c, 0x2d, 0x2e, 0x15, 0x16, 
	0x1c, 0x1c, 0x1c, 0x1c, 0x14, 0x17, 0x17, 0x20, 
	0x1e, 0x1e, 0x1e, 0x2b, 0x00, 0x00, 0x00, 0x00, 
	0x00, 0x00, 0x00, 0x00, 0x20, 0x1c, 0x1c, 0x1c, 
	0x1c, 0x1c, 0x20, 0x2f, 0x2d, 0x2d, 0x30, 0x17, 
	0x1c, 0x1c, 0x1c, 0x1c, 0x19, 0x18, 0x18, 0x1e, 
	0x1e, 0x1e, 0x1e, 0x00, 0x00, 0x00, 0x00, 0x00, 
	0x00, 0x00, 0x00, 0x00, 0x2b, 0x16, 0x1c, 0x1c, 
	0x1c, 0x1c, 0x20, 0x31, 0x32, 0x32, 0x30, 0x17, 
	0x1c, 0x1c, 0x1c, 0x1c, 0x1e, 0x1e, 0x1e, 0x1e, 
	0x1e, 0x1e, 0x1e, 0x00, 0x00, 0x00, 0x00, 0x00, 
	0x00, 0x00, 0x00, 0x00, 0x00, 0x1e, 0x1c, 0x16, 
	0x16, 0x16, 0x20, 0x33, 0x2f, 0x2c, 0x12, 0x16, 
	0x16, 0x16, 0x1c, 0x1e, 0x1e, 0x1e, 0x1e, 0x1e, 
	0x1e, 0x1e, 0x2b, 0x00, 0x00, 0x00, 0x00, 0x00, 
	0x00, 0x00, 0x00, 0x00, 0x00, 0x0e, 0x17, 0x16, 
	0x16, 0x16, 0x16, 0x1e, 0x15, 0x15, 0x18, 0x16, 
	0x16, 0x1c, 0x27, 0x1e, 0x1e, 0x1e, 0x1e, 0x1e, 
	0x1e, 0x1e, 0x00, 0x00, 0x00, 0x00, 0x00, 0x00, 
	0x00, 0x00, 0x00, 0x00, 0x00, 0x00, 0x1e, 0x20, 
	0x16, 0x16, 0x16, 0x16, 0x16, 0x16, 0x16, 0x16, 
	0x1c, 0x1f, 0x1e, 0x1e, 0x1e, 0x1e, 0x1e, 0x1e, 
	0x1e, 0x00, 0x00, 0x00, 0x00, 0x00, 0x00, 0x00, 
	0x00, 0x00, 0x00, 0x00, 0x00, 0x00, 0x00, 0x1e, 
	0x1e, 0x19, 0x16, 0x16, 0x16, 0x16, 0x16, 0x19, 
	0x1e, 0x1e, 0x1e, 0x1e, 0x1e, 0x1e, 0x1e, 0x1e, 
	0x2b, 0x00, 0x00, 0x00, 0x00, 0x00, 0x00, 0x00, 
	0x00, 0x00, 0x00, 0x00, 0x00, 0x00, 0x00, 0x00, 
	0x1e, 0x1e, 0x1e, 0x1e, 0x1e, 0x1e, 0x1e, 0x1e, 
	0x1e, 0x1e, 0x1e, 0x1e, 0x1e, 0x1e, 0x1e, 0x2a, 
	0x00, 0x00, 0x00, 0x00, 0x00, 0x00, 0x00, 0x00, 
	0x00, 0x00, 0x00, 0x00, 0x00, 0x00, 0x00, 0x00, 
	0x00, 0x2b, 0x1e, 0x1e, 0x1e, 0x1e, 0x1e, 0x1e, 
	0x1e, 0x1e, 0x1e, 0x1e, 0x1e, 0x2b, 0x00, 0x00, 
	0x00, 0x00, 0x00, 0x00, 0x00, 0x00, 0x00, 0x00, 
	0x00, 0x00, 0x00, 0x00, 0x00, 0x00, 0x00, 0x00, 
	0x00, 0x00, 0x00, 0x00, 0x00, 0x00, 0x00, 0x00, 
	0x00, 0x00, 0x00, 0x00, 0x00, 0x00, 0x00, 0x00, 
	0x00, 0x00, 0x00, 0x00, 0x00, 0x00, 0x00, 0x00, 
	
};

Texture boo_coin_Boo_Coins_Dizzy1_pal_rgba16[] = {
	0x00, 0x00, 0xef, 0x7a, 0xf7, 0xbd, 0xff, 0xff, 
	0xff, 0xfe, 0xe7, 0x39, 0xef, 0x7b, 0xd6, 0xb4, 
	0xd6, 0xb5, 0xde, 0xf7, 0xce, 0x73, 0x94, 0xa5, 
	0xbd, 0xee, 0xbd, 0xef, 0x84, 0x20, 0xad, 0x6b, 
	0x29, 0x4b, 0x8c, 0x63, 0x00, 0x01, 0x9c, 0xe6, 
	0x84, 0x21, 0x08, 0x43, 0x73, 0x9d, 0x63, 0x19, 
	0x52, 0x95, 0x6b, 0x5b, 0x7b, 0xde, 0x21, 0x09, 
	0x7b, 0xdf, 0x10, 0x85, 0x31, 0x8d, 0x39, 0xcf, 
	0x5a, 0xd7, 0xa5, 0x29, 0x5a, 0xd6, 0x42, 0x11, 
	0x18, 0xc7, 0xc6, 0x31, 0x73, 0x9c, 0x4a, 0x53, 
	0xb5, 0xad, 0x9c, 0xe7, 0x42, 0x10, 0x31, 0x8c, 
	0x38, 0x01, 0x40, 0x01, 0x18, 0x01, 0x58, 0x01, 
	0x10, 0x01, 0x60, 0x01, 0x50, 0x01, 0x68, 0x01, 
	
};

Texture boo_coin_Boo_Coins_Dizzy2_ci8[] = {
	0x00, 0x00, 0x00, 0x00, 0x00, 0x00, 0x00, 0x00, 
	0x00, 0x00, 0x00, 0x00, 0x00, 0x01, 0x02, 0x03, 
	0x04, 0x05, 0x02, 0x00, 0x00, 0x00, 0x00, 0x00, 
	0x00, 0x00, 0x00, 0x00, 0x00, 0x00, 0x00, 0x00, 
	0x00, 0x00, 0x00, 0x00, 0x00, 0x00, 0x00, 0x00, 
	0x00, 0x00, 0x06, 0x07, 0x05, 0x05, 0x05, 0x05, 
	0x05, 0x05, 0x05, 0x05, 0x05, 0x02, 0x00, 0x00, 
	0x00, 0x00, 0x00, 0x00, 0x00, 0x00, 0x00, 0x00, 
	0x00, 0x00, 0x00, 0x00, 0x00, 0x00, 0x00, 0x00, 
	0x06, 0x03, 0x03, 0x04, 0x05, 0x05, 0x05, 0x05, 
	0x05, 0x05, 0x05, 0x05, 0x05, 0x05, 0x05, 0x02, 
	0x00, 0x00, 0x00, 0x00, 0x00, 0x00, 0x00, 0x00, 
	0x00, 0x00, 0x00, 0x00, 0x00, 0x00, 0x00, 0x08, 
	0x07, 0x03, 0x04, 0x05, 0x09, 0x09, 0x07, 0x07, 
	0x07, 0x07, 0x07, 0x07, 0x05, 0x05, 0x05, 0x05, 
	0x05, 0x0a, 0x00, 0x00, 0x00, 0x00, 0x00, 0x00, 
	0x00, 0x00, 0x00, 0x00, 0x00, 0x0b, 0x09, 0x09, 
	0x07, 0x04, 0x09, 0x09, 0x09, 0x09, 0x09, 0x09, 
	0x07, 0x07, 0x07, 0x07, 0x07, 0x07, 0x04, 0x05, 
	0x05, 0x05, 0x0a, 0x00, 0x00, 0x00, 0x00, 0x00, 
	0x00, 0x00, 0x00, 0x00, 0x0c, 0x08, 0x08, 0x09, 
	0x09, 0x09, 0x09, 0x09, 0x09, 0x09, 0x08, 0x0d, 
	0x09, 0x09, 0x07, 0x07, 0x07, 0x07, 0x07, 0x07, 
	0x05, 0x05, 0x05, 0x0a, 0x00, 0x00, 0x00, 0x00, 
	0x00, 0x00, 0x00, 0x00, 0x0e, 0x0f, 0x08, 0x09, 
	0x09, 0x09, 0x09, 0x09, 0x09, 0x09, 0x10, 0x11, 
	0x09, 0x09, 0x09, 0x07, 0x07, 0x07, 0x07, 0x07, 
	0x07, 0x05, 0x05, 0x05, 0x01, 0x00, 0x00, 0x00, 
	0x00, 0x00, 0x00, 0x12, 0x0e, 0x0f, 0x09, 0x09, 
	0x09, 0x09, 0x09, 0x09, 0x08, 0x10, 0x13, 0x08, 
	0x09, 0x09, 0x09, 0x09, 0x09, 0x07, 0x07, 0x07, 
	0x07, 0x07, 0x05, 0x05, 0x05, 0x00, 0x00, 0x00, 
	0x00, 0x00, 0x14, 0x15, 0x0e, 0x08, 0x08, 0x08, 
	0x16, 0x17, 0x13, 0x13, 0x18, 0x19, 0x0f, 0x09, 
	0x09, 0x09, 0x09, 0x09, 0x09, 0x09, 0x09, 0x07, 
	0x07, 0x07, 0x09, 0x05, 0x05, 0x09, 0x00, 0x00, 
	0x00, 0x00, 0x12, 0x15, 0x08, 0x08, 0x08, 0x08, 
	0x08, 0x08, 0x08, 0x08, 0x08, 0x09, 0x09, 0x09, 
	0x09, 0x09, 0x1a, 0x08, 0x09, 0x09, 0x09, 0x09, 
	0x09, 0x07, 0x07, 0x09, 0x05, 0x04, 0x00, 0x00, 
	0x00, 0x1b, 0x12, 0x1c, 0x08, 0x08, 0x0f, 0x1d, 
	0x1e, 0x1f, 0x1a, 0x1a, 0x17, 0x17, 0x13, 0x12, 
	0x09, 0x09, 0x1a, 0x0d, 0x09, 0x09, 0x09, 0x09, 
	0x12, 0x20, 0x09, 0x09, 0x04, 0x03, 0x21, 0x00, 
	0x00, 0x16, 0x1d, 0x0e, 0x08, 0x0f, 0x13, 0x13, 
	0x1e, 0x0f, 0x08, 0x08, 0x08, 0x08, 0x13, 0x16, 
	0x09, 0x09, 0x12, 0x13, 0x17, 0x1a, 0x17, 0x13, 
	0x10, 0x09, 0x09, 0x09, 0x07, 0x03, 0x07, 0x00, 
	0x00, 0x22, 0x1d, 0x08, 0x08, 0x0f, 0x13, 0x23, 
	0x08, 0x0f, 0x1d, 0x1e, 0x1e, 0x12, 0x1a, 0x20, 
	0x09, 0x09, 0x1d, 0x17, 0x0f, 0x04, 0x07, 0x13, 
	0x09, 0x09, 0x09, 0x09, 0x09, 0x07, 0x07, 0x00, 
	0x24, 0x22, 0x1e, 0x0f, 0x08, 0x08, 0x1a, 0x12, 
	0x17, 0x18, 0x13, 0x1a, 0x20, 0x25, 0x1d, 0x25, 
	0x08, 0x08, 0x1a, 0x23, 0x05, 0x05, 0x05, 0x26, 
	0x1c, 0x09, 0x09, 0x09, 0x09, 0x07, 0x09, 0x00, 
	0x1b, 0x27, 0x22, 0x0f, 0x0f, 0x0f, 0x1a, 0x1d, 
	0x13, 0x23, 0x08, 0x26, 0x22, 0x25, 0x0f, 0x25, 
	0x08, 0x08, 0x10, 0x0e, 0x05, 0x05, 0x05, 0x26, 
	0x1c, 0x09, 0x09, 0x09, 0x09, 0x07, 0x09, 0x00, 
	0x19, 0x23, 0x22, 0x0f, 0x0f, 0x0f, 0x10, 0x0d, 
	0x13, 0x16, 0x08, 0x28, 0x13, 0x20, 0x0f, 0x25, 
	0x0f, 0x08, 0x0e, 0x29, 0x04, 0x05, 0x07, 0x17, 
	0x08, 0x09, 0x09, 0x09, 0x09, 0x07, 0x08, 0x00, 
	0x19, 0x11, 0x27, 0x0f, 0x0f, 0x0f, 0x1e, 0x25, 
	0x1a, 0x17, 0x08, 0x08, 0x08, 0x08, 0x23, 0x25, 
	0x0f, 0x08, 0x08, 0x1f, 0x28, 0x28, 0x10, 0x08, 
	0x09, 0x09, 0x09, 0x09, 0x08, 0x09, 0x0f, 0x00, 
	0x19, 0x26, 0x1f, 0x0f, 0x0f, 0x0f, 0x0e, 0x18, 
	0x22, 0x18, 0x19, 0x1f, 0x19, 0x13, 0x13, 0x25, 
	0x0f, 0x08, 0x08, 0x08, 0x08, 0x08, 0x08, 0x08, 
	0x08, 0x09, 0x09, 0x09, 0x08, 0x09, 0x0f, 0x00, 
	0x2a, 0x10, 0x11, 0x0f, 0x0f, 0x0f, 0x0f, 0x13, 
	0x19, 0x22, 0x22, 0x0e, 0x0f, 0x0f, 0x08, 0x08, 
	0x08, 0x08, 0x08, 0x08, 0x08, 0x08, 0x08, 0x08, 
	0x08, 0x08, 0x08, 0x09, 0x08, 0x0f, 0x0e, 0x00, 
	0x00, 0x1a, 0x10, 0x0f, 0x0f, 0x0f, 0x0f, 0x1a, 
	0x13, 0x1a, 0x16, 0x26, 0x12, 0x0f, 0x0f, 0x0f, 
	0x08, 0x08, 0x08, 0x08, 0x1a, 0x19, 0x0f, 0x08, 
	0x08, 0x08, 0x08, 0x08, 0x08, 0x15, 0x15, 0x00, 
	0x00, 0x19, 0x20, 0x12, 0x0f, 0x0f, 0x0f, 0x0f, 
	0x0f, 0x0f, 0x0f, 0x0f, 0x0f, 0x0f, 0x0f, 0x0f, 
	0x0f, 0x0f, 0x08, 0x08, 0x08, 0x20, 0x20, 0x08, 
	0x08, 0x08, 0x08, 0x08, 0x08, 0x1c, 0x1c, 0x00, 
	0x00, 0x2a, 0x19, 0x20, 0x0f, 0x0f, 0x0e, 0x0f, 
	0x0f, 0x0f, 0x0f, 0x0f, 0x0f, 0x0f, 0x15, 0x2b, 
	0x1e, 0x1e, 0x1e, 0x0e, 0x0e, 0x17, 0x23, 0x08, 
	0x08, 0x08, 0x08, 0x08, 0x15, 0x12, 0x11, 0x00, 
	0x00, 0x00, 0x19, 0x19, 0x15, 0x0f, 0x0f, 0x0e, 
	0x0e, 0x0f, 0x0f, 0x0f, 0x0f, 0x23, 0x2c, 0x2d, 
	0x2e, 0x2e, 0x2f, 0x18, 0x22, 0x1e, 0x08, 0x08, 
	0x08, 0x08, 0x0f, 0x08, 0x1d, 0x1d, 0x30, 0x00, 
	0x00, 0x00, 0x2a, 0x19, 0x19, 0x0e, 0x0f, 0x0f, 
	0x0e, 0x0e, 0x0f, 0x0f, 0x0f, 0x1a, 0x31, 0x32, 
	0x32, 0x32, 0x32, 0x33, 0x0f, 0x0f, 0x0f, 0x08, 
	0x08, 0x08, 0x0f, 0x12, 0x1e, 0x27, 0x00, 0x00, 
	0x00, 0x00, 0x00, 0x19, 0x19, 0x11, 0x0f, 0x0f, 
	0x0f, 0x0e, 0x0e, 0x0e, 0x0f, 0x1a, 0x34, 0x35, 
	0x35, 0x35, 0x34, 0x36, 0x0f, 0x0f, 0x0f, 0x0f, 
	0x08, 0x0f, 0x0e, 0x22, 0x27, 0x00, 0x00, 0x00, 
	0x00, 0x00, 0x00, 0x2a, 0x19, 0x19, 0x23, 0x0e, 
	0x0f, 0x0f, 0x0e, 0x0e, 0x0e, 0x1c, 0x2c, 0x37, 
	0x37, 0x37, 0x38, 0x29, 0x0f, 0x0f, 0x0f, 0x0f, 
	0x0f, 0x0e, 0x27, 0x23, 0x39, 0x00, 0x00, 0x00, 
	0x00, 0x00, 0x00, 0x00, 0x2a, 0x19, 0x19, 0x1f, 
	0x0e, 0x0f, 0x0f, 0x0e, 0x0e, 0x0e, 0x1f, 0x3a, 
	0x3b, 0x3b, 0x19, 0x0e, 0x0f, 0x0f, 0x0f, 0x0f, 
	0x15, 0x1f, 0x11, 0x19, 0x00, 0x00, 0x00, 0x00, 
	0x00, 0x00, 0x00, 0x00, 0x00, 0x2a, 0x19, 0x19, 
	0x19, 0x0e, 0x0e, 0x0f, 0x0f, 0x0f, 0x0e, 0x0e, 
	0x0e, 0x0e, 0x0f, 0x0f, 0x0f, 0x0f, 0x0f, 0x23, 
	0x26, 0x16, 0x1a, 0x00, 0x00, 0x00, 0x00, 0x00, 
	0x00, 0x00, 0x00, 0x00, 0x00, 0x00, 0x2a, 0x19, 
	0x19, 0x19, 0x19, 0x15, 0x0e, 0x0e, 0x0e, 0x0e, 
	0x0e, 0x0e, 0x0e, 0x0e, 0x0e, 0x23, 0x0d, 0x20, 
	0x20, 0x3c, 0x00, 0x00, 0x00, 0x00, 0x00, 0x00, 
	0x00, 0x00, 0x00, 0x00, 0x00, 0x00, 0x00, 0x00, 
	0x19, 0x19, 0x19, 0x19, 0x19, 0x19, 0x1f, 0x1e, 
	0x1d, 0x22, 0x0d, 0x19, 0x19, 0x19, 0x19, 0x19, 
	0x00, 0x00, 0x00, 0x00, 0x00, 0x00, 0x00, 0x00, 
	0x00, 0x00, 0x00, 0x00, 0x00, 0x00, 0x00, 0x00, 
	0x00, 0x00, 0x2a, 0x19, 0x19, 0x19, 0x19, 0x19, 
	0x19, 0x19, 0x19, 0x19, 0x19, 0x19, 0x2a, 0x00, 
	0x00, 0x00, 0x00, 0x00, 0x00, 0x00, 0x00, 0x00, 
	0x00, 0x00, 0x00, 0x00, 0x00, 0x00, 0x00, 0x00, 
	0x00, 0x00, 0x00, 0x00, 0x00, 0x00, 0x00, 0x00, 
	0x00, 0x00, 0x00, 0x00, 0x00, 0x00, 0x00, 0x00, 
	0x00, 0x00, 0x00, 0x00, 0x00, 0x00, 0x00, 0x00, 
	
};

Texture boo_coin_Boo_Coins_Dizzy2_pal_rgba16[] = {
	0x00, 0x00, 0xef, 0x7a, 0xff, 0xfe, 0xef, 0x7b, 
	0xf7, 0xbd, 0xff, 0xff, 0xde, 0xf6, 0xe7, 0x39, 
	0xd6, 0xb5, 0xde, 0xf7, 0xf7, 0xbc, 0xbd, 0xee, 
	0xad, 0x6a, 0x52, 0x95, 0xc6, 0x31, 0xce, 0x73, 
	0x5a, 0xd7, 0x73, 0x9d, 0xad, 0x6b, 0x08, 0x43, 
	0x9c, 0xe6, 0xbd, 0xef, 0x63, 0x19, 0x10, 0x85, 
	0x00, 0x01, 0x31, 0x8d, 0x39, 0xcf, 0x6b, 0x5a, 
	0xb5, 0xad, 0xa5, 0x29, 0x9c, 0xe7, 0x7b, 0xdf, 
	0x4a, 0x53, 0xe7, 0x38, 0x94, 0xa5, 0x84, 0x21, 
	0x4a, 0x52, 0x18, 0xc7, 0x6b, 0x5b, 0x8c, 0x63, 
	0x42, 0x11, 0x21, 0x09, 0x31, 0x8c, 0x9c, 0xa5, 
	0x20, 0x01, 0xb8, 0x01, 0xb0, 0x01, 0x78, 0x01, 
	0x63, 0x18, 0xc8, 0x01, 0xc0, 0x01, 0x08, 0x03, 
	0xd0, 0x01, 0xd8, 0x01, 0x00, 0x03, 0xe8, 0x01, 
	0x80, 0x01, 0x52, 0x94, 0x18, 0x43, 0x48, 0x43, 
	0x39, 0xce, 
};

Texture boo_coin_Boo_Coins_Dizzy3_ci8[] = {
	0x00, 0x00, 0x00, 0x00, 0x00, 0x00, 0x00, 0x00, 
	0x00, 0x00, 0x00, 0x01, 0x02, 0x03, 0x03, 0x03, 
	0x04, 0x05, 0x06, 0x07, 0x00, 0x00, 0x00, 0x00, 
	0x00, 0x00, 0x00, 0x00, 0x00, 0x00, 0x00, 0x00, 
	0x00, 0x00, 0x00, 0x00, 0x00, 0x00, 0x00, 0x00, 
	0x00, 0x00, 0x08, 0x08, 0x03, 0x03, 0x06, 0x06, 
	0x06, 0x06, 0x06, 0x06, 0x06, 0x07, 0x00, 0x00, 
	0x00, 0x00, 0x00, 0x00, 0x00, 0x00, 0x00, 0x00, 
	0x00, 0x00, 0x00, 0x00, 0x00, 0x00, 0x00, 0x00, 
	0x09, 0x0a, 0x08, 0x08, 0x05, 0x06, 0x06, 0x06, 
	0x06, 0x06, 0x06, 0x06, 0x06, 0x06, 0x06, 0x00, 
	0x00, 0x00, 0x00, 0x00, 0x00, 0x00, 0x00, 0x00, 
	0x00, 0x00, 0x00, 0x00, 0x00, 0x00, 0x00, 0x0b, 
	0x0c, 0x0a, 0x0a, 0x06, 0x06, 0x06, 0x06, 0x06, 
	0x04, 0x04, 0x04, 0x04, 0x04, 0x04, 0x06, 0x06, 
	0x00, 0x00, 0x00, 0x00, 0x00, 0x00, 0x00, 0x00, 
	0x00, 0x00, 0x00, 0x00, 0x00, 0x00, 0x0d, 0x0e, 
	0x0c, 0x0c, 0x06, 0x06, 0x06, 0x06, 0x04, 0x04, 
	0x04, 0x04, 0x04, 0x03, 0x04, 0x04, 0x04, 0x0f, 
	0x05, 0x00, 0x00, 0x00, 0x00, 0x00, 0x00, 0x00, 
	0x00, 0x00, 0x00, 0x00, 0x00, 0x10, 0x11, 0x11, 
	0x0e, 0x0a, 0x06, 0x06, 0x06, 0x04, 0x04, 0x04, 
	0x04, 0x04, 0x04, 0x12, 0x04, 0x04, 0x04, 0x04, 
	0x04, 0x13, 0x13, 0x00, 0x00, 0x00, 0x00, 0x00, 
	0x00, 0x00, 0x00, 0x00, 0x00, 0x14, 0x15, 0x11, 
	0x11, 0x06, 0x06, 0x06, 0x04, 0x04, 0x04, 0x04, 
	0x04, 0x04, 0x15, 0x16, 0x04, 0x04, 0x04, 0x04, 
	0x04, 0x0f, 0x13, 0x00, 0x00, 0x00, 0x00, 0x00, 
	0x00, 0x00, 0x00, 0x00, 0x13, 0x14, 0x14, 0x15, 
	0x08, 0x06, 0x06, 0x06, 0x04, 0x04, 0x04, 0x04, 
	0x04, 0x15, 0x17, 0x18, 0x04, 0x04, 0x04, 0x04, 
	0x04, 0x04, 0x0f, 0x00, 0x00, 0x00, 0x00, 0x00, 
	0x00, 0x00, 0x00, 0x00, 0x0b, 0x19, 0x19, 0x14, 
	0x06, 0x06, 0x06, 0x04, 0x04, 0x04, 0x0b, 0x1a, 
	0x17, 0x1b, 0x12, 0x03, 0x03, 0x04, 0x04, 0x04, 
	0x04, 0x04, 0x04, 0x00, 0x00, 0x00, 0x00, 0x00, 
	0x00, 0x00, 0x00, 0x00, 0x1c, 0x0b, 0x0b, 0x19, 
	0x06, 0x06, 0x06, 0x03, 0x15, 0x14, 0x14, 0x1d, 
	0x1e, 0x1e, 0x1e, 0x11, 0x1a, 0x03, 0x04, 0x04, 
	0x04, 0x04, 0x04, 0x1f, 0x00, 0x00, 0x00, 0x00, 
	0x00, 0x00, 0x00, 0x20, 0x21, 0x22, 0x1c, 0x0a, 
	0x05, 0x06, 0x04, 0x03, 0x17, 0x17, 0x08, 0x03, 
	0x03, 0x14, 0x17, 0x11, 0x23, 0x1d, 0x04, 0x04, 
	0x04, 0x03, 0x15, 0x04, 0x00, 0x00, 0x00, 0x00, 
	0x00, 0x00, 0x00, 0x23, 0x24, 0x21, 0x22, 0x03, 
	0x0f, 0x06, 0x03, 0x03, 0x1e, 0x1d, 0x03, 0x0a, 
	0x14, 0x14, 0x1e, 0x18, 0x03, 0x25, 0x26, 0x1e, 
	0x25, 0x16, 0x15, 0x03, 0x00, 0x00, 0x00, 0x00, 
	0x00, 0x00, 0x00, 0x1d, 0x23, 0x27, 0x21, 0x08, 
	0x03, 0x06, 0x03, 0x03, 0x1e, 0x24, 0x1b, 0x1a, 
	0x22, 0x1b, 0x1e, 0x1d, 0x03, 0x14, 0x21, 0x05, 
	0x1e, 0x0a, 0x03, 0x03, 0x00, 0x00, 0x00, 0x00, 
	0x00, 0x00, 0x28, 0x1a, 0x18, 0x23, 0x27, 0x0a, 
	0x08, 0x0f, 0x03, 0x03, 0x23, 0x24, 0x1a, 0x08, 
	0x08, 0x17, 0x26, 0x16, 0x03, 0x1a, 0x05, 0x06, 
	0x05, 0x11, 0x03, 0x03, 0x00, 0x00, 0x00, 0x00, 
	0x00, 0x00, 0x28, 0x26, 0x1e, 0x29, 0x1d, 0x0c, 
	0x0a, 0x04, 0x03, 0x03, 0x14, 0x21, 0x18, 0x1b, 
	0x0a, 0x17, 0x24, 0x16, 0x03, 0x29, 0x06, 0x06, 
	0x0f, 0x11, 0x03, 0x03, 0x00, 0x00, 0x00, 0x00, 
	0x00, 0x00, 0x1a, 0x26, 0x26, 0x26, 0x29, 0x0e, 
	0x0c, 0x03, 0x03, 0x03, 0x03, 0x14, 0x1d, 0x17, 
	0x21, 0x1b, 0x24, 0x16, 0x03, 0x1a, 0x04, 0x05, 
	0x16, 0x08, 0x03, 0x03, 0x00, 0x00, 0x00, 0x00, 
	0x00, 0x00, 0x1a, 0x26, 0x26, 0x26, 0x1e, 0x11, 
	0x0e, 0x03, 0x03, 0x03, 0x03, 0x14, 0x29, 0x14, 
	0x14, 0x08, 0x19, 0x16, 0x03, 0x08, 0x1a, 0x1a, 
	0x15, 0x03, 0x03, 0x03, 0x00, 0x00, 0x00, 0x00, 
	0x00, 0x00, 0x28, 0x26, 0x26, 0x26, 0x26, 0x15, 
	0x11, 0x03, 0x03, 0x03, 0x03, 0x14, 0x17, 0x08, 
	0x03, 0x08, 0x25, 0x16, 0x03, 0x03, 0x03, 0x03, 
	0x03, 0x03, 0x03, 0x03, 0x00, 0x00, 0x00, 0x00, 
	0x00, 0x00, 0x28, 0x26, 0x26, 0x26, 0x26, 0x14, 
	0x15, 0x03, 0x03, 0x03, 0x03, 0x14, 0x17, 0x25, 
	0x1a, 0x17, 0x26, 0x29, 0x03, 0x03, 0x03, 0x03, 
	0x03, 0x03, 0x03, 0x03, 0x00, 0x00, 0x00, 0x00, 
	0x00, 0x00, 0x28, 0x26, 0x26, 0x26, 0x26, 0x19, 
	0x14, 0x0c, 0x03, 0x03, 0x03, 0x03, 0x03, 0x03, 
	0x03, 0x03, 0x03, 0x03, 0x03, 0x15, 0x17, 0x0a, 
	0x03, 0x03, 0x03, 0x03, 0x00, 0x00, 0x00, 0x00, 
	0x00, 0x00, 0x00, 0x26, 0x26, 0x26, 0x26, 0x0b, 
	0x19, 0x14, 0x03, 0x03, 0x03, 0x03, 0x03, 0x03, 
	0x03, 0x03, 0x03, 0x03, 0x03, 0x03, 0x1d, 0x18, 
	0x03, 0x03, 0x03, 0x03, 0x00, 0x00, 0x00, 0x00, 
	0x00, 0x00, 0x00, 0x26, 0x26, 0x26, 0x26, 0x24, 
	0x1c, 0x19, 0x03, 0x03, 0x03, 0x03, 0x03, 0x03, 
	0x03, 0x08, 0x14, 0x2a, 0x14, 0x0a, 0x18, 0x1d, 
	0x03, 0x03, 0x03, 0x08, 0x00, 0x00, 0x00, 0x00, 
	0x00, 0x00, 0x00, 0x28, 0x26, 0x26, 0x26, 0x26, 
	0x22, 0x1c, 0x08, 0x03, 0x03, 0x03, 0x03, 0x03, 
	0x08, 0x2b, 0x2c, 0x2d, 0x2e, 0x24, 0x14, 0x08, 
	0x03, 0x03, 0x08, 0x2f, 0x00, 0x00, 0x00, 0x00, 
	0x00, 0x00, 0x00, 0x00, 0x26, 0x26, 0x26, 0x26, 
	0x24, 0x22, 0x1c, 0x03, 0x08, 0x08, 0x08, 0x08, 
	0x19, 0x30, 0x31, 0x31, 0x32, 0x15, 0x08, 0x08, 
	0x08, 0x03, 0x08, 0x00, 0x00, 0x00, 0x00, 0x00, 
	0x00, 0x00, 0x00, 0x00, 0x28, 0x26, 0x26, 0x26, 
	0x26, 0x24, 0x21, 0x0a, 0x03, 0x08, 0x08, 0x08, 
	0x19, 0x2d, 0x33, 0x33, 0x34, 0x15, 0x08, 0x08, 
	0x08, 0x08, 0x1c, 0x00, 0x00, 0x00, 0x00, 0x00, 
	0x00, 0x00, 0x00, 0x00, 0x00, 0x26, 0x26, 0x26, 
	0x26, 0x1d, 0x27, 0x24, 0x08, 0x03, 0x08, 0x08, 
	0x0a, 0x35, 0x36, 0x36, 0x37, 0x11, 0x08, 0x08, 
	0x03, 0x08, 0x13, 0x00, 0x00, 0x00, 0x00, 0x00, 
	0x00, 0x00, 0x00, 0x00, 0x00, 0x28, 0x26, 0x26, 
	0x26, 0x26, 0x18, 0x23, 0x22, 0x08, 0x03, 0x08, 
	0x08, 0x22, 0x38, 0x39, 0x3a, 0x08, 0x08, 0x08, 
	0x08, 0x27, 0x13, 0x00, 0x00, 0x00, 0x00, 0x00, 
	0x00, 0x00, 0x00, 0x00, 0x00, 0x00, 0x26, 0x26, 
	0x26, 0x26, 0x1e, 0x29, 0x1d, 0x1c, 0x08, 0x08, 
	0x08, 0x08, 0x08, 0x08, 0x08, 0x08, 0x08, 0x08, 
	0x23, 0x00, 0x00, 0x00, 0x00, 0x00, 0x00, 0x00, 
	0x00, 0x00, 0x00, 0x00, 0x00, 0x00, 0x00, 0x26, 
	0x26, 0x26, 0x26, 0x26, 0x1e, 0x29, 0x1d, 0x08, 
	0x08, 0x08, 0x08, 0x08, 0x08, 0x08, 0x11, 0x18, 
	0x3b, 0x00, 0x00, 0x00, 0x00, 0x00, 0x00, 0x00, 
	0x00, 0x00, 0x00, 0x00, 0x00, 0x00, 0x00, 0x00, 
	0x26, 0x26, 0x26, 0x26, 0x26, 0x26, 0x26, 0x1a, 
	0x29, 0x1c, 0x11, 0x11, 0x21, 0x29, 0x26, 0x3b, 
	0x00, 0x00, 0x00, 0x00, 0x00, 0x00, 0x00, 0x00, 
	0x00, 0x00, 0x00, 0x00, 0x00, 0x00, 0x00, 0x00, 
	0x00, 0x28, 0x26, 0x26, 0x26, 0x26, 0x26, 0x26, 
	0x26, 0x26, 0x26, 0x26, 0x26, 0x28, 0x00, 0x00, 
	0x00, 0x00, 0x00, 0x00, 0x00, 0x00, 0x00, 0x00, 
	0x00, 0x00, 0x00, 0x00, 0x00, 0x00, 0x00, 0x00, 
	0x00, 0x00, 0x00, 0x00, 0x00, 0x00, 0x00, 0x00, 
	0x00, 0x00, 0x00, 0x00, 0x00, 0x00, 0x00, 0x00, 
	0x00, 0x00, 0x00, 0x00, 0x00, 0x00, 0x00, 0x00, 
	
};

Texture boo_coin_Boo_Coins_Dizzy3_pal_rgba16[] = {
	0x00, 0x00, 0xd6, 0xb4, 0xde, 0xf6, 0xde, 0xf7, 
	0xe7, 0x39, 0xf7, 0xbd, 0xff, 0xff, 0xff, 0xfe, 
	0xd6, 0xb5, 0xc6, 0x30, 0xce, 0x73, 0x94, 0xa5, 
	0xc6, 0x31, 0xa5, 0x28, 0xbd, 0xef, 0xef, 0x7b, 
	0x94, 0xa4, 0xb5, 0xad, 0x21, 0x09, 0x84, 0x20, 
	0xa5, 0x29, 0xad, 0x6b, 0x18, 0xc7, 0x08, 0x43, 
	0x52, 0x95, 0x9c, 0xe7, 0x42, 0x11, 0x00, 0x01, 
	0x8c, 0x63, 0x5a, 0xd7, 0x39, 0xcf, 0xe7, 0x38, 
	0x5a, 0xd6, 0x7b, 0xdf, 0x84, 0x21, 0x63, 0x19, 
	0x73, 0x9d, 0x10, 0x85, 0x31, 0x8d, 0x6b, 0x5b, 
	0x31, 0x8c, 0x4a, 0x53, 0xa4, 0xe7, 0x10, 0x43, 
	0x88, 0x01, 0xb0, 0x01, 0x10, 0x01, 0xad, 0x6a, 
	0xa8, 0x01, 0xc0, 0x01, 0x80, 0x01, 0xd8, 0x01, 
	0x98, 0x01, 0x20, 0x01, 0xe8, 0x01, 0x30, 0x03, 
	0x18, 0x43, 0x48, 0x43, 0x62, 0xd7, 0x42, 0x10, 
	
};

Vtx boo_coin_dl_mesh_layer_5_vtx_0[4] = {
	{{{-50, -1, 0}, 0, {-16, 1008}, {0x00, 0x00, 0x7F, 0xFF}}},
	{{{51, -1, 0}, 0, {976, 1008}, {0x00, 0x00, 0x7F, 0xFF}}},
	{{{51, 100, 0}, 0, {976, 16}, {0x00, 0x00, 0x7F, 0xFF}}},
	{{{-50, 100, 0}, 0, {-16, 16}, {0x00, 0x00, 0x7F, 0xFF}}},
};

Gfx boo_coin_dl_mesh_layer_5_tri_0[] = {
	gsSPVertex(boo_coin_dl_mesh_layer_5_vtx_0 + 0, 4, 0),
	gsSP2Triangles(0, 1, 2, 0, 0, 2, 3, 0),
	gsSPEndDisplayList(),
};


Gfx mat_boo_coin_Boo_Coins_Shy[] = {
	gsSPClearGeometryMode(G_SHADE),
	gsDPPipeSync(),
	gsDPSetCombineLERP(1, 0, TEXEL0, 0, TEXEL0, 0, ENVIRONMENT, 0, 1, 0, TEXEL0, 0, TEXEL0, 0, ENVIRONMENT, 0),
	gsDPSetAlphaDither(G_AD_NOISE),
	gsDPSetTextureLUT(G_TT_RGBA16),
	gsSPTexture(65535, 65535, 0, 0, 1),
	gsDPSetTextureImage(G_IM_FMT_RGBA, G_IM_SIZ_16b, 1, boo_coin_Boo_Coins_Shy_pal_rgba16),
	gsDPSetTile(0, 0, 0, 256, 5, 0, G_TX_WRAP | G_TX_NOMIRROR, 0, 0, G_TX_WRAP | G_TX_NOMIRROR, 0, 0),
	gsDPLoadTLUTCmd(5, 125),
	gsDPSetTextureImage(G_IM_FMT_CI, G_IM_SIZ_8b_LOAD_BLOCK, 1, boo_coin_Boo_Coins_Shy_ci8),
	gsDPSetTile(G_IM_FMT_CI, G_IM_SIZ_8b_LOAD_BLOCK, 0, 0, 7, 0, G_TX_WRAP | G_TX_NOMIRROR, 0, 0, G_TX_WRAP | G_TX_NOMIRROR, 0, 0),
	gsDPLoadBlock(7, 0, 0, 511, 512),
	gsDPSetTile(G_IM_FMT_CI, G_IM_SIZ_8b, 4, 0, 0, 0, G_TX_WRAP | G_TX_NOMIRROR, 5, 0, G_TX_WRAP | G_TX_NOMIRROR, 5, 0),
	gsDPSetTileSize(0, 0, 0, 124, 124),
	gsSPEndDisplayList(),
};

Gfx mat_revert_boo_coin_Boo_Coins_Shy[] = {
	gsSPSetGeometryMode(G_SHADE),
	gsDPPipeSync(),
	gsDPSetAlphaDither(G_AD_DISABLE),
	gsDPSetTextureLUT(G_TT_NONE),
	gsSPEndDisplayList(),
};

Gfx mat_boo_coin_Boo_Coins_Joyous1[] = {
	gsSPClearGeometryMode(G_SHADE),
	gsDPPipeSync(),
	gsDPSetCombineLERP(1, 0, TEXEL0, 0, TEXEL0, 0, ENVIRONMENT, 0, 1, 0, TEXEL0, 0, TEXEL0, 0, ENVIRONMENT, 0),
	gsDPSetAlphaDither(G_AD_NOISE),
	gsDPSetTextureLUT(G_TT_RGBA16),
	gsSPTexture(65535, 65535, 0, 0, 1),
	gsDPSetTextureImage(G_IM_FMT_RGBA, G_IM_SIZ_16b, 1, boo_coin_Boo_Coins_Joyous1_pal_rgba16),
	gsDPSetTile(0, 0, 0, 256, 5, 0, G_TX_WRAP | G_TX_NOMIRROR, 0, 0, G_TX_WRAP | G_TX_NOMIRROR, 0, 0),
	gsDPLoadTLUTCmd(5, 54),
	gsDPSetTextureImage(G_IM_FMT_CI, G_IM_SIZ_8b_LOAD_BLOCK, 1, boo_coin_Boo_Coins_Joyous1_ci8),
	gsDPSetTile(G_IM_FMT_CI, G_IM_SIZ_8b_LOAD_BLOCK, 0, 0, 7, 0, G_TX_WRAP | G_TX_NOMIRROR, 0, 0, G_TX_WRAP | G_TX_NOMIRROR, 0, 0),
	gsDPLoadBlock(7, 0, 0, 511, 512),
	gsDPSetTile(G_IM_FMT_CI, G_IM_SIZ_8b, 4, 0, 0, 0, G_TX_WRAP | G_TX_NOMIRROR, 5, 0, G_TX_WRAP | G_TX_NOMIRROR, 5, 0),
	gsDPSetTileSize(0, 0, 0, 124, 124),
	gsSPEndDisplayList(),
};

Gfx mat_revert_boo_coin_Boo_Coins_Joyous1[] = {
	gsSPSetGeometryMode(G_SHADE),
	gsDPPipeSync(),
	gsDPSetAlphaDither(G_AD_DISABLE),
	gsDPSetTextureLUT(G_TT_NONE),
	gsSPEndDisplayList(),
};

Gfx mat_boo_coin_Boo_Coins_Joyous2[] = {
	gsSPClearGeometryMode(G_SHADE),
	gsDPPipeSync(),
	gsDPSetCombineLERP(1, 0, TEXEL0, 0, TEXEL0, 0, ENVIRONMENT, 0, 1, 0, TEXEL0, 0, TEXEL0, 0, ENVIRONMENT, 0),
	gsDPSetAlphaDither(G_AD_NOISE),
	gsDPSetTextureLUT(G_TT_RGBA16),
	gsSPTexture(65535, 65535, 0, 0, 1),
	gsDPSetTextureImage(G_IM_FMT_RGBA, G_IM_SIZ_16b, 1, boo_coin_Boo_Coins_Joyous2_pal_rgba16),
	gsDPSetTile(0, 0, 0, 256, 5, 0, G_TX_WRAP | G_TX_NOMIRROR, 0, 0, G_TX_WRAP | G_TX_NOMIRROR, 0, 0),
	gsDPLoadTLUTCmd(5, 89),
	gsDPSetTextureImage(G_IM_FMT_CI, G_IM_SIZ_8b_LOAD_BLOCK, 1, boo_coin_Boo_Coins_Joyous2_ci8),
	gsDPSetTile(G_IM_FMT_CI, G_IM_SIZ_8b_LOAD_BLOCK, 0, 0, 7, 0, G_TX_WRAP | G_TX_NOMIRROR, 0, 0, G_TX_WRAP | G_TX_NOMIRROR, 0, 0),
	gsDPLoadBlock(7, 0, 0, 511, 512),
	gsDPSetTile(G_IM_FMT_CI, G_IM_SIZ_8b, 4, 0, 0, 0, G_TX_WRAP | G_TX_NOMIRROR, 5, 0, G_TX_WRAP | G_TX_NOMIRROR, 5, 0),
	gsDPSetTileSize(0, 0, 0, 124, 124),
	gsSPEndDisplayList(),
};

Gfx mat_revert_boo_coin_Boo_Coins_Joyous2[] = {
	gsSPSetGeometryMode(G_SHADE),
	gsDPPipeSync(),
	gsDPSetAlphaDither(G_AD_DISABLE),
	gsDPSetTextureLUT(G_TT_NONE),
	gsSPEndDisplayList(),
};

Gfx mat_boo_coin_Boo_Coins_Joyous3[] = {
	gsSPClearGeometryMode(G_SHADE),
	gsDPPipeSync(),
	gsDPSetCombineLERP(1, 0, TEXEL0, 0, TEXEL0, 0, ENVIRONMENT, 0, 1, 0, TEXEL0, 0, TEXEL0, 0, ENVIRONMENT, 0),
	gsDPSetAlphaDither(G_AD_NOISE),
	gsDPSetTextureLUT(G_TT_RGBA16),
	gsSPTexture(65535, 65535, 0, 0, 1),
	gsDPSetTextureImage(G_IM_FMT_RGBA, G_IM_SIZ_16b, 1, boo_coin_Boo_Coins_Joyous3_pal_rgba16),
	gsDPSetTile(0, 0, 0, 256, 5, 0, G_TX_WRAP | G_TX_NOMIRROR, 0, 0, G_TX_WRAP | G_TX_NOMIRROR, 0, 0),
	gsDPLoadTLUTCmd(5, 79),
	gsDPSetTextureImage(G_IM_FMT_CI, G_IM_SIZ_8b_LOAD_BLOCK, 1, boo_coin_Boo_Coins_Joyous3_ci8),
	gsDPSetTile(G_IM_FMT_CI, G_IM_SIZ_8b_LOAD_BLOCK, 0, 0, 7, 0, G_TX_WRAP | G_TX_NOMIRROR, 0, 0, G_TX_WRAP | G_TX_NOMIRROR, 0, 0),
	gsDPLoadBlock(7, 0, 0, 511, 512),
	gsDPSetTile(G_IM_FMT_CI, G_IM_SIZ_8b, 4, 0, 0, 0, G_TX_WRAP | G_TX_NOMIRROR, 5, 0, G_TX_WRAP | G_TX_NOMIRROR, 5, 0),
	gsDPSetTileSize(0, 0, 0, 124, 124),
	gsSPEndDisplayList(),
};

Gfx mat_revert_boo_coin_Boo_Coins_Joyous3[] = {
	gsSPSetGeometryMode(G_SHADE),
	gsDPPipeSync(),
	gsDPSetAlphaDither(G_AD_DISABLE),
	gsDPSetTextureLUT(G_TT_NONE),
	gsSPEndDisplayList(),
};

Gfx mat_boo_coin_Boo_Coins_Side[] = {
	gsSPClearGeometryMode(G_SHADE),
	gsDPPipeSync(),
	gsDPSetCombineLERP(1, 0, TEXEL0, 0, TEXEL0, 0, ENVIRONMENT, 0, 1, 0, TEXEL0, 0, TEXEL0, 0, ENVIRONMENT, 0),
	gsDPSetAlphaDither(G_AD_NOISE),
	gsSPTexture(65535, 65535, 0, 0, 1),
	gsDPSetTextureImage(G_IM_FMT_IA, G_IM_SIZ_8b_LOAD_BLOCK, 1, boo_coin_Boo_Coins_Side_ia8),
	gsDPSetTile(G_IM_FMT_IA, G_IM_SIZ_8b_LOAD_BLOCK, 0, 0, 7, 0, G_TX_WRAP | G_TX_NOMIRROR, 0, 0, G_TX_WRAP | G_TX_NOMIRROR, 0, 0),
	gsDPLoadBlock(7, 0, 0, 511, 512),
	gsDPSetTile(G_IM_FMT_IA, G_IM_SIZ_8b, 4, 0, 0, 0, G_TX_WRAP | G_TX_NOMIRROR, 5, 0, G_TX_WRAP | G_TX_NOMIRROR, 5, 0),
	gsDPSetTileSize(0, 0, 0, 124, 124),
	gsSPEndDisplayList(),
};

Gfx mat_revert_boo_coin_Boo_Coins_Side[] = {
	gsSPSetGeometryMode(G_SHADE),
	gsDPPipeSync(),
	gsDPSetAlphaDither(G_AD_DISABLE),
	gsSPEndDisplayList(),
};

Gfx mat_boo_coin_Boo_Coins_Smug1[] = {
	gsSPClearGeometryMode(G_SHADE),
	gsDPPipeSync(),
	gsDPSetCombineLERP(1, 0, TEXEL0, 0, TEXEL0, 0, ENVIRONMENT, 0, 1, 0, TEXEL0, 0, TEXEL0, 0, ENVIRONMENT, 0),
	gsDPSetAlphaDither(G_AD_NOISE),
	gsSPTexture(65535, 65535, 0, 0, 1),
	gsDPSetTextureImage(G_IM_FMT_IA, G_IM_SIZ_8b_LOAD_BLOCK, 1, boo_coin_Boo_Coins_Smug1_ia8),
	gsDPSetTile(G_IM_FMT_IA, G_IM_SIZ_8b_LOAD_BLOCK, 0, 0, 7, 0, G_TX_WRAP | G_TX_NOMIRROR, 0, 0, G_TX_WRAP | G_TX_NOMIRROR, 0, 0),
	gsDPLoadBlock(7, 0, 0, 511, 512),
	gsDPSetTile(G_IM_FMT_IA, G_IM_SIZ_8b, 4, 0, 0, 0, G_TX_WRAP | G_TX_NOMIRROR, 5, 0, G_TX_WRAP | G_TX_NOMIRROR, 5, 0),
	gsDPSetTileSize(0, 0, 0, 124, 124),
	gsSPEndDisplayList(),
};

Gfx mat_revert_boo_coin_Boo_Coins_Smug1[] = {
	gsSPSetGeometryMode(G_SHADE),
	gsDPPipeSync(),
	gsDPSetAlphaDither(G_AD_DISABLE),
	gsSPEndDisplayList(),
};

Gfx mat_boo_coin_Boo_Coins_Smug2[] = {
	gsSPClearGeometryMode(G_SHADE),
	gsDPPipeSync(),
	gsDPSetCombineLERP(1, 0, TEXEL0, 0, TEXEL0, 0, ENVIRONMENT, 0, 1, 0, TEXEL0, 0, TEXEL0, 0, ENVIRONMENT, 0),
	gsDPSetAlphaDither(G_AD_NOISE),
	gsSPTexture(65535, 65535, 0, 0, 1),
	gsDPSetTextureImage(G_IM_FMT_IA, G_IM_SIZ_8b_LOAD_BLOCK, 1, boo_coin_Boo_Coins_Smug2_ia8),
	gsDPSetTile(G_IM_FMT_IA, G_IM_SIZ_8b_LOAD_BLOCK, 0, 0, 7, 0, G_TX_WRAP | G_TX_NOMIRROR, 0, 0, G_TX_WRAP | G_TX_NOMIRROR, 0, 0),
	gsDPLoadBlock(7, 0, 0, 511, 512),
	gsDPSetTile(G_IM_FMT_IA, G_IM_SIZ_8b, 4, 0, 0, 0, G_TX_WRAP | G_TX_NOMIRROR, 5, 0, G_TX_WRAP | G_TX_NOMIRROR, 5, 0),
	gsDPSetTileSize(0, 0, 0, 124, 124),
	gsSPEndDisplayList(),
};

Gfx mat_revert_boo_coin_Boo_Coins_Smug2[] = {
	gsSPSetGeometryMode(G_SHADE),
	gsDPPipeSync(),
	gsDPSetAlphaDither(G_AD_DISABLE),
	gsSPEndDisplayList(),
};

Gfx mat_boo_coin_Boo_Coins_Smug3[] = {
	gsSPClearGeometryMode(G_SHADE),
	gsDPPipeSync(),
	gsDPSetCombineLERP(1, 0, TEXEL0, 0, TEXEL0, 0, ENVIRONMENT, 0, 1, 0, TEXEL0, 0, TEXEL0, 0, ENVIRONMENT, 0),
	gsDPSetAlphaDither(G_AD_NOISE),
	gsSPTexture(65535, 65535, 0, 0, 1),
	gsDPSetTextureImage(G_IM_FMT_IA, G_IM_SIZ_8b_LOAD_BLOCK, 1, boo_coin_Boo_Coins_Smug3_ia8),
	gsDPSetTile(G_IM_FMT_IA, G_IM_SIZ_8b_LOAD_BLOCK, 0, 0, 7, 0, G_TX_WRAP | G_TX_NOMIRROR, 0, 0, G_TX_WRAP | G_TX_NOMIRROR, 0, 0),
	gsDPLoadBlock(7, 0, 0, 511, 512),
	gsDPSetTile(G_IM_FMT_IA, G_IM_SIZ_8b, 4, 0, 0, 0, G_TX_WRAP | G_TX_NOMIRROR, 5, 0, G_TX_WRAP | G_TX_NOMIRROR, 5, 0),
	gsDPSetTileSize(0, 0, 0, 124, 124),
	gsSPEndDisplayList(),
};

Gfx mat_revert_boo_coin_Boo_Coins_Smug3[] = {
	gsSPSetGeometryMode(G_SHADE),
	gsDPPipeSync(),
	gsDPSetAlphaDither(G_AD_DISABLE),
	gsSPEndDisplayList(),
};

Gfx mat_boo_coin_Boo_Coins_Tongue1[] = {
	gsSPClearGeometryMode(G_SHADE),
	gsDPPipeSync(),
	gsDPSetCombineLERP(1, 0, TEXEL0, 0, TEXEL0, 0, ENVIRONMENT, 0, 1, 0, TEXEL0, 0, TEXEL0, 0, ENVIRONMENT, 0),
	gsDPSetAlphaDither(G_AD_NOISE),
	gsDPSetTextureLUT(G_TT_RGBA16),
	gsSPTexture(65535, 65535, 0, 0, 1),
	gsDPSetTextureImage(G_IM_FMT_RGBA, G_IM_SIZ_16b, 1, boo_coin_Boo_Coins_Tongue1_pal_rgba16),
	gsDPSetTile(0, 0, 0, 256, 5, 0, G_TX_WRAP | G_TX_NOMIRROR, 0, 0, G_TX_WRAP | G_TX_NOMIRROR, 0, 0),
	gsDPLoadTLUTCmd(5, 62),
	gsDPSetTextureImage(G_IM_FMT_CI, G_IM_SIZ_8b_LOAD_BLOCK, 1, boo_coin_Boo_Coins_Tongue1_ci8),
	gsDPSetTile(G_IM_FMT_CI, G_IM_SIZ_8b_LOAD_BLOCK, 0, 0, 7, 0, G_TX_WRAP | G_TX_NOMIRROR, 0, 0, G_TX_WRAP | G_TX_NOMIRROR, 0, 0),
	gsDPLoadBlock(7, 0, 0, 511, 512),
	gsDPSetTile(G_IM_FMT_CI, G_IM_SIZ_8b, 4, 0, 0, 0, G_TX_WRAP | G_TX_NOMIRROR, 5, 0, G_TX_WRAP | G_TX_NOMIRROR, 5, 0),
	gsDPSetTileSize(0, 0, 0, 124, 124),
	gsSPEndDisplayList(),
};

Gfx mat_revert_boo_coin_Boo_Coins_Tongue1[] = {
	gsSPSetGeometryMode(G_SHADE),
	gsDPPipeSync(),
	gsDPSetAlphaDither(G_AD_DISABLE),
	gsDPSetTextureLUT(G_TT_NONE),
	gsSPEndDisplayList(),
};

Gfx mat_boo_coin_Boo_Coins_Tongue2[] = {
	gsSPClearGeometryMode(G_SHADE),
	gsDPPipeSync(),
	gsDPSetCombineLERP(1, 0, TEXEL0, 0, TEXEL0, 0, ENVIRONMENT, 0, 1, 0, TEXEL0, 0, TEXEL0, 0, ENVIRONMENT, 0),
	gsDPSetAlphaDither(G_AD_NOISE),
	gsDPSetTextureLUT(G_TT_RGBA16),
	gsSPTexture(65535, 65535, 0, 0, 1),
	gsDPSetTextureImage(G_IM_FMT_RGBA, G_IM_SIZ_16b, 1, boo_coin_Boo_Coins_Tongue2_pal_rgba16),
	gsDPSetTile(0, 0, 0, 256, 5, 0, G_TX_WRAP | G_TX_NOMIRROR, 0, 0, G_TX_WRAP | G_TX_NOMIRROR, 0, 0),
	gsDPLoadTLUTCmd(5, 73),
	gsDPSetTextureImage(G_IM_FMT_CI, G_IM_SIZ_8b_LOAD_BLOCK, 1, boo_coin_Boo_Coins_Tongue2_ci8),
	gsDPSetTile(G_IM_FMT_CI, G_IM_SIZ_8b_LOAD_BLOCK, 0, 0, 7, 0, G_TX_WRAP | G_TX_NOMIRROR, 0, 0, G_TX_WRAP | G_TX_NOMIRROR, 0, 0),
	gsDPLoadBlock(7, 0, 0, 511, 512),
	gsDPSetTile(G_IM_FMT_CI, G_IM_SIZ_8b, 4, 0, 0, 0, G_TX_WRAP | G_TX_NOMIRROR, 5, 0, G_TX_WRAP | G_TX_NOMIRROR, 5, 0),
	gsDPSetTileSize(0, 0, 0, 124, 124),
	gsSPEndDisplayList(),
};

Gfx mat_revert_boo_coin_Boo_Coins_Tongue2[] = {
	gsSPSetGeometryMode(G_SHADE),
	gsDPPipeSync(),
	gsDPSetAlphaDither(G_AD_DISABLE),
	gsDPSetTextureLUT(G_TT_NONE),
	gsSPEndDisplayList(),
};

Gfx mat_boo_coin_Boo_Coins_Tongue3[] = {
	gsSPClearGeometryMode(G_SHADE),
	gsDPPipeSync(),
	gsDPSetCombineLERP(1, 0, TEXEL0, 0, TEXEL0, 0, ENVIRONMENT, 0, 1, 0, TEXEL0, 0, TEXEL0, 0, ENVIRONMENT, 0),
	gsDPSetAlphaDither(G_AD_NOISE),
	gsDPSetTextureLUT(G_TT_RGBA16),
	gsSPTexture(65535, 65535, 0, 0, 1),
	gsDPSetTextureImage(G_IM_FMT_RGBA, G_IM_SIZ_16b, 1, boo_coin_Boo_Coins_Tongue3_pal_rgba16),
	gsDPSetTile(0, 0, 0, 256, 5, 0, G_TX_WRAP | G_TX_NOMIRROR, 0, 0, G_TX_WRAP | G_TX_NOMIRROR, 0, 0),
	gsDPLoadTLUTCmd(5, 74),
	gsDPSetTextureImage(G_IM_FMT_CI, G_IM_SIZ_8b_LOAD_BLOCK, 1, boo_coin_Boo_Coins_Tongue3_ci8),
	gsDPSetTile(G_IM_FMT_CI, G_IM_SIZ_8b_LOAD_BLOCK, 0, 0, 7, 0, G_TX_WRAP | G_TX_NOMIRROR, 0, 0, G_TX_WRAP | G_TX_NOMIRROR, 0, 0),
	gsDPLoadBlock(7, 0, 0, 511, 512),
	gsDPSetTile(G_IM_FMT_CI, G_IM_SIZ_8b, 4, 0, 0, 0, G_TX_WRAP | G_TX_NOMIRROR, 5, 0, G_TX_WRAP | G_TX_NOMIRROR, 5, 0),
	gsDPSetTileSize(0, 0, 0, 124, 124),
	gsSPEndDisplayList(),
};

Gfx mat_revert_boo_coin_Boo_Coins_Tongue3[] = {
	gsSPSetGeometryMode(G_SHADE),
	gsDPPipeSync(),
	gsDPSetAlphaDither(G_AD_DISABLE),
	gsDPSetTextureLUT(G_TT_NONE),
	gsSPEndDisplayList(),
};

Gfx mat_boo_coin_Boo_Coins_Blah1[] = {
	gsSPClearGeometryMode(G_SHADE),
	gsDPPipeSync(),
	gsDPSetCombineLERP(1, 0, TEXEL0, 0, TEXEL0, 0, ENVIRONMENT, 0, 1, 0, TEXEL0, 0, TEXEL0, 0, ENVIRONMENT, 0),
	gsDPSetAlphaDither(G_AD_NOISE),
	gsDPSetTextureLUT(G_TT_RGBA16),
	gsSPTexture(65535, 65535, 0, 0, 1),
	gsDPSetTextureImage(G_IM_FMT_RGBA, G_IM_SIZ_16b, 1, boo_coin_Boo_Coins_Blah1_pal_rgba16),
	gsDPSetTile(0, 0, 0, 256, 5, 0, G_TX_WRAP | G_TX_NOMIRROR, 0, 0, G_TX_WRAP | G_TX_NOMIRROR, 0, 0),
	gsDPLoadTLUTCmd(5, 64),
	gsDPSetTextureImage(G_IM_FMT_CI, G_IM_SIZ_8b_LOAD_BLOCK, 1, boo_coin_Boo_Coins_Blah1_ci8),
	gsDPSetTile(G_IM_FMT_CI, G_IM_SIZ_8b_LOAD_BLOCK, 0, 0, 7, 0, G_TX_WRAP | G_TX_NOMIRROR, 0, 0, G_TX_WRAP | G_TX_NOMIRROR, 0, 0),
	gsDPLoadBlock(7, 0, 0, 511, 512),
	gsDPSetTile(G_IM_FMT_CI, G_IM_SIZ_8b, 4, 0, 0, 0, G_TX_WRAP | G_TX_NOMIRROR, 5, 0, G_TX_WRAP | G_TX_NOMIRROR, 5, 0),
	gsDPSetTileSize(0, 0, 0, 124, 124),
	gsSPEndDisplayList(),
};

Gfx mat_revert_boo_coin_Boo_Coins_Blah1[] = {
	gsSPSetGeometryMode(G_SHADE),
	gsDPPipeSync(),
	gsDPSetAlphaDither(G_AD_DISABLE),
	gsDPSetTextureLUT(G_TT_NONE),
	gsSPEndDisplayList(),
};

Gfx mat_boo_coin_Boo_Coins_Blah2[] = {
	gsSPClearGeometryMode(G_SHADE),
	gsDPPipeSync(),
	gsDPSetCombineLERP(1, 0, TEXEL0, 0, TEXEL0, 0, ENVIRONMENT, 0, 1, 0, TEXEL0, 0, TEXEL0, 0, ENVIRONMENT, 0),
	gsDPSetAlphaDither(G_AD_NOISE),
	gsDPSetTextureLUT(G_TT_RGBA16),
	gsSPTexture(65535, 65535, 0, 0, 1),
	gsDPSetTextureImage(G_IM_FMT_RGBA, G_IM_SIZ_16b, 1, boo_coin_Boo_Coins_Blah2_pal_rgba16),
	gsDPSetTile(0, 0, 0, 256, 5, 0, G_TX_WRAP | G_TX_NOMIRROR, 0, 0, G_TX_WRAP | G_TX_NOMIRROR, 0, 0),
	gsDPLoadTLUTCmd(5, 91),
	gsDPSetTextureImage(G_IM_FMT_CI, G_IM_SIZ_8b_LOAD_BLOCK, 1, boo_coin_Boo_Coins_Blah2_ci8),
	gsDPSetTile(G_IM_FMT_CI, G_IM_SIZ_8b_LOAD_BLOCK, 0, 0, 7, 0, G_TX_WRAP | G_TX_NOMIRROR, 0, 0, G_TX_WRAP | G_TX_NOMIRROR, 0, 0),
	gsDPLoadBlock(7, 0, 0, 511, 512),
	gsDPSetTile(G_IM_FMT_CI, G_IM_SIZ_8b, 4, 0, 0, 0, G_TX_WRAP | G_TX_NOMIRROR, 5, 0, G_TX_WRAP | G_TX_NOMIRROR, 5, 0),
	gsDPSetTileSize(0, 0, 0, 124, 124),
	gsSPEndDisplayList(),
};

Gfx mat_revert_boo_coin_Boo_Coins_Blah2[] = {
	gsSPSetGeometryMode(G_SHADE),
	gsDPPipeSync(),
	gsDPSetAlphaDither(G_AD_DISABLE),
	gsDPSetTextureLUT(G_TT_NONE),
	gsSPEndDisplayList(),
};

Gfx mat_boo_coin_Boo_Coins_Blah3[] = {
	gsSPClearGeometryMode(G_SHADE),
	gsDPPipeSync(),
	gsDPSetCombineLERP(1, 0, TEXEL0, 0, TEXEL0, 0, ENVIRONMENT, 0, 1, 0, TEXEL0, 0, TEXEL0, 0, ENVIRONMENT, 0),
	gsDPSetAlphaDither(G_AD_NOISE),
	gsDPSetTextureLUT(G_TT_RGBA16),
	gsSPTexture(65535, 65535, 0, 0, 1),
	gsDPSetTextureImage(G_IM_FMT_RGBA, G_IM_SIZ_16b, 1, boo_coin_Boo_Coins_Blah3_pal_rgba16),
	gsDPSetTile(0, 0, 0, 256, 5, 0, G_TX_WRAP | G_TX_NOMIRROR, 0, 0, G_TX_WRAP | G_TX_NOMIRROR, 0, 0),
	gsDPLoadTLUTCmd(5, 93),
	gsDPSetTextureImage(G_IM_FMT_CI, G_IM_SIZ_8b_LOAD_BLOCK, 1, boo_coin_Boo_Coins_Blah3_ci8),
	gsDPSetTile(G_IM_FMT_CI, G_IM_SIZ_8b_LOAD_BLOCK, 0, 0, 7, 0, G_TX_WRAP | G_TX_NOMIRROR, 0, 0, G_TX_WRAP | G_TX_NOMIRROR, 0, 0),
	gsDPLoadBlock(7, 0, 0, 511, 512),
	gsDPSetTile(G_IM_FMT_CI, G_IM_SIZ_8b, 4, 0, 0, 0, G_TX_WRAP | G_TX_NOMIRROR, 5, 0, G_TX_WRAP | G_TX_NOMIRROR, 5, 0),
	gsDPSetTileSize(0, 0, 0, 124, 124),
	gsSPEndDisplayList(),
};

Gfx mat_revert_boo_coin_Boo_Coins_Blah3[] = {
	gsSPSetGeometryMode(G_SHADE),
	gsDPPipeSync(),
	gsDPSetAlphaDither(G_AD_DISABLE),
	gsDPSetTextureLUT(G_TT_NONE),
	gsSPEndDisplayList(),
};

Gfx mat_boo_coin_Boo_Coins_Dizzy1[] = {
	gsSPClearGeometryMode(G_SHADE),
	gsDPPipeSync(),
	gsDPSetCombineLERP(1, 0, TEXEL0, 0, TEXEL0, 0, ENVIRONMENT, 0, 1, 0, TEXEL0, 0, TEXEL0, 0, ENVIRONMENT, 0),
	gsDPSetAlphaDither(G_AD_NOISE),
	gsDPSetTextureLUT(G_TT_RGBA16),
	gsSPTexture(65535, 65535, 0, 0, 1),
	gsDPSetTextureImage(G_IM_FMT_RGBA, G_IM_SIZ_16b, 1, boo_coin_Boo_Coins_Dizzy1_pal_rgba16),
	gsDPSetTile(0, 0, 0, 256, 5, 0, G_TX_WRAP | G_TX_NOMIRROR, 0, 0, G_TX_WRAP | G_TX_NOMIRROR, 0, 0),
	gsDPLoadTLUTCmd(5, 51),
	gsDPSetTextureImage(G_IM_FMT_CI, G_IM_SIZ_8b_LOAD_BLOCK, 1, boo_coin_Boo_Coins_Dizzy1_ci8),
	gsDPSetTile(G_IM_FMT_CI, G_IM_SIZ_8b_LOAD_BLOCK, 0, 0, 7, 0, G_TX_WRAP | G_TX_NOMIRROR, 0, 0, G_TX_WRAP | G_TX_NOMIRROR, 0, 0),
	gsDPLoadBlock(7, 0, 0, 511, 512),
	gsDPSetTile(G_IM_FMT_CI, G_IM_SIZ_8b, 4, 0, 0, 0, G_TX_WRAP | G_TX_NOMIRROR, 5, 0, G_TX_WRAP | G_TX_NOMIRROR, 5, 0),
	gsDPSetTileSize(0, 0, 0, 124, 124),
	gsSPEndDisplayList(),
};

Gfx mat_revert_boo_coin_Boo_Coins_Dizzy1[] = {
	gsSPSetGeometryMode(G_SHADE),
	gsDPPipeSync(),
	gsDPSetAlphaDither(G_AD_DISABLE),
	gsDPSetTextureLUT(G_TT_NONE),
	gsSPEndDisplayList(),
};

Gfx mat_boo_coin_Boo_Coins_Dizzy2[] = {
	gsSPClearGeometryMode(G_SHADE),
	gsDPPipeSync(),
	gsDPSetCombineLERP(1, 0, TEXEL0, 0, TEXEL0, 0, ENVIRONMENT, 0, 1, 0, TEXEL0, 0, TEXEL0, 0, ENVIRONMENT, 0),
	gsDPSetAlphaDither(G_AD_NOISE),
	gsDPSetTextureLUT(G_TT_RGBA16),
	gsSPTexture(65535, 65535, 0, 0, 1),
	gsDPSetTextureImage(G_IM_FMT_RGBA, G_IM_SIZ_16b, 1, boo_coin_Boo_Coins_Dizzy2_pal_rgba16),
	gsDPSetTile(0, 0, 0, 256, 5, 0, G_TX_WRAP | G_TX_NOMIRROR, 0, 0, G_TX_WRAP | G_TX_NOMIRROR, 0, 0),
	gsDPLoadTLUTCmd(5, 60),
	gsDPSetTextureImage(G_IM_FMT_CI, G_IM_SIZ_8b_LOAD_BLOCK, 1, boo_coin_Boo_Coins_Dizzy2_ci8),
	gsDPSetTile(G_IM_FMT_CI, G_IM_SIZ_8b_LOAD_BLOCK, 0, 0, 7, 0, G_TX_WRAP | G_TX_NOMIRROR, 0, 0, G_TX_WRAP | G_TX_NOMIRROR, 0, 0),
	gsDPLoadBlock(7, 0, 0, 511, 512),
	gsDPSetTile(G_IM_FMT_CI, G_IM_SIZ_8b, 4, 0, 0, 0, G_TX_WRAP | G_TX_NOMIRROR, 5, 0, G_TX_WRAP | G_TX_NOMIRROR, 5, 0),
	gsDPSetTileSize(0, 0, 0, 124, 124),
	gsSPEndDisplayList(),
};

Gfx mat_revert_boo_coin_Boo_Coins_Dizzy2[] = {
	gsSPSetGeometryMode(G_SHADE),
	gsDPPipeSync(),
	gsDPSetAlphaDither(G_AD_DISABLE),
	gsDPSetTextureLUT(G_TT_NONE),
	gsSPEndDisplayList(),
};

Gfx mat_boo_coin_Boo_Coins_Dizzy3[] = {
	gsSPClearGeometryMode(G_SHADE),
	gsDPPipeSync(),
	gsDPSetCombineLERP(1, 0, TEXEL0, 0, TEXEL0, 0, ENVIRONMENT, 0, 1, 0, TEXEL0, 0, TEXEL0, 0, ENVIRONMENT, 0),
	gsDPSetAlphaDither(G_AD_NOISE),
	gsDPSetTextureLUT(G_TT_RGBA16),
	gsSPTexture(65535, 65535, 0, 0, 1),
	gsDPSetTextureImage(G_IM_FMT_RGBA, G_IM_SIZ_16b, 1, boo_coin_Boo_Coins_Dizzy3_pal_rgba16),
	gsDPSetTile(0, 0, 0, 256, 5, 0, G_TX_WRAP | G_TX_NOMIRROR, 0, 0, G_TX_WRAP | G_TX_NOMIRROR, 0, 0),
	gsDPLoadTLUTCmd(5, 59),
	gsDPSetTextureImage(G_IM_FMT_CI, G_IM_SIZ_8b_LOAD_BLOCK, 1, boo_coin_Boo_Coins_Dizzy3_ci8),
	gsDPSetTile(G_IM_FMT_CI, G_IM_SIZ_8b_LOAD_BLOCK, 0, 0, 7, 0, G_TX_WRAP | G_TX_NOMIRROR, 0, 0, G_TX_WRAP | G_TX_NOMIRROR, 0, 0),
	gsDPLoadBlock(7, 0, 0, 511, 512),
	gsDPSetTile(G_IM_FMT_CI, G_IM_SIZ_8b, 4, 0, 0, 0, G_TX_WRAP | G_TX_NOMIRROR, 5, 0, G_TX_WRAP | G_TX_NOMIRROR, 5, 0),
	gsDPSetTileSize(0, 0, 0, 124, 124),
	gsSPEndDisplayList(),
};

Gfx mat_revert_boo_coin_Boo_Coins_Dizzy3[] = {
	gsSPSetGeometryMode(G_SHADE),
	gsDPPipeSync(),
	gsDPSetAlphaDither(G_AD_DISABLE),
	gsDPSetTextureLUT(G_TT_NONE),
	gsSPEndDisplayList(),
};

Gfx boo_coin_dl_mesh_layer_5[] = {
	gsSPDisplayList(mat_boo_coin_Boo_Coins_Shy),
	gsSPDisplayList(boo_coin_dl_mesh_layer_5_tri_0),
	gsSPDisplayList(mat_revert_boo_coin_Boo_Coins_Shy),
	gsDPPipeSync(),
	gsSPSetGeometryMode(G_LIGHTING),
	gsSPClearGeometryMode(G_TEXTURE_GEN),
	gsDPSetCombineLERP(0, 0, 0, SHADE, 0, 0, 0, ENVIRONMENT, 0, 0, 0, SHADE, 0, 0, 0, ENVIRONMENT),
	gsSPTexture(65535, 65535, 0, 0, 0),
	gsDPSetEnvColor(255, 255, 255, 255),
	gsDPSetAlphaCompare(G_AC_NONE),
	gsSPEndDisplayList(),
};

Gfx boo_coin_dl_mesh_layer_5_mat_override_Boo_Coins_Joyous1_0[] = {
	gsSPDisplayList(mat_boo_coin_Boo_Coins_Joyous1),
	gsSPDisplayList(boo_coin_dl_mesh_layer_5_tri_0),
	gsSPDisplayList(mat_revert_boo_coin_Boo_Coins_Joyous1),
	gsDPPipeSync(),
	gsSPSetGeometryMode(G_LIGHTING),
	gsSPClearGeometryMode(G_TEXTURE_GEN),
	gsDPSetCombineLERP(0, 0, 0, SHADE, 0, 0, 0, ENVIRONMENT, 0, 0, 0, SHADE, 0, 0, 0, ENVIRONMENT),
	gsSPTexture(65535, 65535, 0, 0, 0),
	gsDPSetEnvColor(255, 255, 255, 255),
	gsDPSetAlphaCompare(G_AC_NONE),
	gsSPEndDisplayList(),
};

Gfx boo_coin_dl_mesh_layer_5_mat_override_Boo_Coins_Joyous2_1[] = {
	gsSPDisplayList(mat_boo_coin_Boo_Coins_Joyous2),
	gsSPDisplayList(boo_coin_dl_mesh_layer_5_tri_0),
	gsSPDisplayList(mat_revert_boo_coin_Boo_Coins_Joyous2),
	gsDPPipeSync(),
	gsSPSetGeometryMode(G_LIGHTING),
	gsSPClearGeometryMode(G_TEXTURE_GEN),
	gsDPSetCombineLERP(0, 0, 0, SHADE, 0, 0, 0, ENVIRONMENT, 0, 0, 0, SHADE, 0, 0, 0, ENVIRONMENT),
	gsSPTexture(65535, 65535, 0, 0, 0),
	gsDPSetEnvColor(255, 255, 255, 255),
	gsDPSetAlphaCompare(G_AC_NONE),
	gsSPEndDisplayList(),
};

Gfx boo_coin_dl_mesh_layer_5_mat_override_Boo_Coins_Joyous3_2[] = {
	gsSPDisplayList(mat_boo_coin_Boo_Coins_Joyous3),
	gsSPDisplayList(boo_coin_dl_mesh_layer_5_tri_0),
	gsSPDisplayList(mat_revert_boo_coin_Boo_Coins_Joyous3),
	gsDPPipeSync(),
	gsSPSetGeometryMode(G_LIGHTING),
	gsSPClearGeometryMode(G_TEXTURE_GEN),
	gsDPSetCombineLERP(0, 0, 0, SHADE, 0, 0, 0, ENVIRONMENT, 0, 0, 0, SHADE, 0, 0, 0, ENVIRONMENT),
	gsSPTexture(65535, 65535, 0, 0, 0),
	gsDPSetEnvColor(255, 255, 255, 255),
	gsDPSetAlphaCompare(G_AC_NONE),
	gsSPEndDisplayList(),
};

Gfx boo_coin_dl_mesh_layer_5_mat_override_Boo_Coins_Side_3[] = {
	gsSPDisplayList(mat_boo_coin_Boo_Coins_Side),
	gsSPDisplayList(boo_coin_dl_mesh_layer_5_tri_0),
	gsSPDisplayList(mat_revert_boo_coin_Boo_Coins_Side),
	gsDPPipeSync(),
	gsSPSetGeometryMode(G_LIGHTING),
	gsSPClearGeometryMode(G_TEXTURE_GEN),
	gsDPSetCombineLERP(0, 0, 0, SHADE, 0, 0, 0, ENVIRONMENT, 0, 0, 0, SHADE, 0, 0, 0, ENVIRONMENT),
	gsSPTexture(65535, 65535, 0, 0, 0),
	gsDPSetEnvColor(255, 255, 255, 255),
	gsDPSetAlphaCompare(G_AC_NONE),
	gsSPEndDisplayList(),
};

Gfx boo_coin_dl_mesh_layer_5_mat_override_Boo_Coins_Smug1_4[] = {
	gsSPDisplayList(mat_boo_coin_Boo_Coins_Smug1),
	gsSPDisplayList(boo_coin_dl_mesh_layer_5_tri_0),
	gsSPDisplayList(mat_revert_boo_coin_Boo_Coins_Smug1),
	gsDPPipeSync(),
	gsSPSetGeometryMode(G_LIGHTING),
	gsSPClearGeometryMode(G_TEXTURE_GEN),
	gsDPSetCombineLERP(0, 0, 0, SHADE, 0, 0, 0, ENVIRONMENT, 0, 0, 0, SHADE, 0, 0, 0, ENVIRONMENT),
	gsSPTexture(65535, 65535, 0, 0, 0),
	gsDPSetEnvColor(255, 255, 255, 255),
	gsDPSetAlphaCompare(G_AC_NONE),
	gsSPEndDisplayList(),
};

Gfx boo_coin_dl_mesh_layer_5_mat_override_Boo_Coins_Smug2_5[] = {
	gsSPDisplayList(mat_boo_coin_Boo_Coins_Smug2),
	gsSPDisplayList(boo_coin_dl_mesh_layer_5_tri_0),
	gsSPDisplayList(mat_revert_boo_coin_Boo_Coins_Smug2),
	gsDPPipeSync(),
	gsSPSetGeometryMode(G_LIGHTING),
	gsSPClearGeometryMode(G_TEXTURE_GEN),
	gsDPSetCombineLERP(0, 0, 0, SHADE, 0, 0, 0, ENVIRONMENT, 0, 0, 0, SHADE, 0, 0, 0, ENVIRONMENT),
	gsSPTexture(65535, 65535, 0, 0, 0),
	gsDPSetEnvColor(255, 255, 255, 255),
	gsDPSetAlphaCompare(G_AC_NONE),
	gsSPEndDisplayList(),
};

Gfx boo_coin_dl_mesh_layer_5_mat_override_Boo_Coins_Smug3_6[] = {
	gsSPDisplayList(mat_boo_coin_Boo_Coins_Smug3),
	gsSPDisplayList(boo_coin_dl_mesh_layer_5_tri_0),
	gsSPDisplayList(mat_revert_boo_coin_Boo_Coins_Smug3),
	gsDPPipeSync(),
	gsSPSetGeometryMode(G_LIGHTING),
	gsSPClearGeometryMode(G_TEXTURE_GEN),
	gsDPSetCombineLERP(0, 0, 0, SHADE, 0, 0, 0, ENVIRONMENT, 0, 0, 0, SHADE, 0, 0, 0, ENVIRONMENT),
	gsSPTexture(65535, 65535, 0, 0, 0),
	gsDPSetEnvColor(255, 255, 255, 255),
	gsDPSetAlphaCompare(G_AC_NONE),
	gsSPEndDisplayList(),
};

Gfx boo_coin_dl_mesh_layer_5_mat_override_Boo_Coins_Tongue1_7[] = {
	gsSPDisplayList(mat_boo_coin_Boo_Coins_Tongue1),
	gsSPDisplayList(boo_coin_dl_mesh_layer_5_tri_0),
	gsSPDisplayList(mat_revert_boo_coin_Boo_Coins_Tongue1),
	gsDPPipeSync(),
	gsSPSetGeometryMode(G_LIGHTING),
	gsSPClearGeometryMode(G_TEXTURE_GEN),
	gsDPSetCombineLERP(0, 0, 0, SHADE, 0, 0, 0, ENVIRONMENT, 0, 0, 0, SHADE, 0, 0, 0, ENVIRONMENT),
	gsSPTexture(65535, 65535, 0, 0, 0),
	gsDPSetEnvColor(255, 255, 255, 255),
	gsDPSetAlphaCompare(G_AC_NONE),
	gsSPEndDisplayList(),
};

Gfx boo_coin_dl_mesh_layer_5_mat_override_Boo_Coins_Tongue2_8[] = {
	gsSPDisplayList(mat_boo_coin_Boo_Coins_Tongue2),
	gsSPDisplayList(boo_coin_dl_mesh_layer_5_tri_0),
	gsSPDisplayList(mat_revert_boo_coin_Boo_Coins_Tongue2),
	gsDPPipeSync(),
	gsSPSetGeometryMode(G_LIGHTING),
	gsSPClearGeometryMode(G_TEXTURE_GEN),
	gsDPSetCombineLERP(0, 0, 0, SHADE, 0, 0, 0, ENVIRONMENT, 0, 0, 0, SHADE, 0, 0, 0, ENVIRONMENT),
	gsSPTexture(65535, 65535, 0, 0, 0),
	gsDPSetEnvColor(255, 255, 255, 255),
	gsDPSetAlphaCompare(G_AC_NONE),
	gsSPEndDisplayList(),
};

Gfx boo_coin_dl_mesh_layer_5_mat_override_Boo_Coins_Tongue3_9[] = {
	gsSPDisplayList(mat_boo_coin_Boo_Coins_Tongue3),
	gsSPDisplayList(boo_coin_dl_mesh_layer_5_tri_0),
	gsSPDisplayList(mat_revert_boo_coin_Boo_Coins_Tongue3),
	gsDPPipeSync(),
	gsSPSetGeometryMode(G_LIGHTING),
	gsSPClearGeometryMode(G_TEXTURE_GEN),
	gsDPSetCombineLERP(0, 0, 0, SHADE, 0, 0, 0, ENVIRONMENT, 0, 0, 0, SHADE, 0, 0, 0, ENVIRONMENT),
	gsSPTexture(65535, 65535, 0, 0, 0),
	gsDPSetEnvColor(255, 255, 255, 255),
	gsDPSetAlphaCompare(G_AC_NONE),
	gsSPEndDisplayList(),
};

Gfx boo_coin_dl_mesh_layer_5_mat_override_Boo_Coins_Blah1_10[] = {
	gsSPDisplayList(mat_boo_coin_Boo_Coins_Blah1),
	gsSPDisplayList(boo_coin_dl_mesh_layer_5_tri_0),
	gsSPDisplayList(mat_revert_boo_coin_Boo_Coins_Blah1),
	gsDPPipeSync(),
	gsSPSetGeometryMode(G_LIGHTING),
	gsSPClearGeometryMode(G_TEXTURE_GEN),
	gsDPSetCombineLERP(0, 0, 0, SHADE, 0, 0, 0, ENVIRONMENT, 0, 0, 0, SHADE, 0, 0, 0, ENVIRONMENT),
	gsSPTexture(65535, 65535, 0, 0, 0),
	gsDPSetEnvColor(255, 255, 255, 255),
	gsDPSetAlphaCompare(G_AC_NONE),
	gsSPEndDisplayList(),
};

Gfx boo_coin_dl_mesh_layer_5_mat_override_Boo_Coins_Blah2_11[] = {
	gsSPDisplayList(mat_boo_coin_Boo_Coins_Blah2),
	gsSPDisplayList(boo_coin_dl_mesh_layer_5_tri_0),
	gsSPDisplayList(mat_revert_boo_coin_Boo_Coins_Blah2),
	gsDPPipeSync(),
	gsSPSetGeometryMode(G_LIGHTING),
	gsSPClearGeometryMode(G_TEXTURE_GEN),
	gsDPSetCombineLERP(0, 0, 0, SHADE, 0, 0, 0, ENVIRONMENT, 0, 0, 0, SHADE, 0, 0, 0, ENVIRONMENT),
	gsSPTexture(65535, 65535, 0, 0, 0),
	gsDPSetEnvColor(255, 255, 255, 255),
	gsDPSetAlphaCompare(G_AC_NONE),
	gsSPEndDisplayList(),
};

Gfx boo_coin_dl_mesh_layer_5_mat_override_Boo_Coins_Blah3_12[] = {
	gsSPDisplayList(mat_boo_coin_Boo_Coins_Blah3),
	gsSPDisplayList(boo_coin_dl_mesh_layer_5_tri_0),
	gsSPDisplayList(mat_revert_boo_coin_Boo_Coins_Blah3),
	gsDPPipeSync(),
	gsSPSetGeometryMode(G_LIGHTING),
	gsSPClearGeometryMode(G_TEXTURE_GEN),
	gsDPSetCombineLERP(0, 0, 0, SHADE, 0, 0, 0, ENVIRONMENT, 0, 0, 0, SHADE, 0, 0, 0, ENVIRONMENT),
	gsSPTexture(65535, 65535, 0, 0, 0),
	gsDPSetEnvColor(255, 255, 255, 255),
	gsDPSetAlphaCompare(G_AC_NONE),
	gsSPEndDisplayList(),
};

Gfx boo_coin_dl_mesh_layer_5_mat_override_Boo_Coins_Dizzy1_13[] = {
	gsSPDisplayList(mat_boo_coin_Boo_Coins_Dizzy1),
	gsSPDisplayList(boo_coin_dl_mesh_layer_5_tri_0),
	gsSPDisplayList(mat_revert_boo_coin_Boo_Coins_Dizzy1),
	gsDPPipeSync(),
	gsSPSetGeometryMode(G_LIGHTING),
	gsSPClearGeometryMode(G_TEXTURE_GEN),
	gsDPSetCombineLERP(0, 0, 0, SHADE, 0, 0, 0, ENVIRONMENT, 0, 0, 0, SHADE, 0, 0, 0, ENVIRONMENT),
	gsSPTexture(65535, 65535, 0, 0, 0),
	gsDPSetEnvColor(255, 255, 255, 255),
	gsDPSetAlphaCompare(G_AC_NONE),
	gsSPEndDisplayList(),
};

Gfx boo_coin_dl_mesh_layer_5_mat_override_Boo_Coins_Dizzy2_14[] = {
	gsSPDisplayList(mat_boo_coin_Boo_Coins_Dizzy2),
	gsSPDisplayList(boo_coin_dl_mesh_layer_5_tri_0),
	gsSPDisplayList(mat_revert_boo_coin_Boo_Coins_Dizzy2),
	gsDPPipeSync(),
	gsSPSetGeometryMode(G_LIGHTING),
	gsSPClearGeometryMode(G_TEXTURE_GEN),
	gsDPSetCombineLERP(0, 0, 0, SHADE, 0, 0, 0, ENVIRONMENT, 0, 0, 0, SHADE, 0, 0, 0, ENVIRONMENT),
	gsSPTexture(65535, 65535, 0, 0, 0),
	gsDPSetEnvColor(255, 255, 255, 255),
	gsDPSetAlphaCompare(G_AC_NONE),
	gsSPEndDisplayList(),
};

Gfx boo_coin_dl_mesh_layer_5_mat_override_Boo_Coins_Dizzy3_15[] = {
	gsSPDisplayList(mat_boo_coin_Boo_Coins_Dizzy3),
	gsSPDisplayList(boo_coin_dl_mesh_layer_5_tri_0),
	gsSPDisplayList(mat_revert_boo_coin_Boo_Coins_Dizzy3),
	gsDPPipeSync(),
	gsSPSetGeometryMode(G_LIGHTING),
	gsSPClearGeometryMode(G_TEXTURE_GEN),
	gsDPSetCombineLERP(0, 0, 0, SHADE, 0, 0, 0, ENVIRONMENT, 0, 0, 0, SHADE, 0, 0, 0, ENVIRONMENT),
	gsSPTexture(65535, 65535, 0, 0, 0),
	gsDPSetEnvColor(255, 255, 255, 255),
	gsDPSetAlphaCompare(G_AC_NONE),
	gsSPEndDisplayList(),
};

